"Actinastrum sp","Anacystis","Ankistrodesmus","Ankistrodesmus falcatus","Aphanizomenon","Aphanocapsa","Arthrospira","Aulacoseira","Botryococcus","Ceratium","Cyclotella","Cylindrospermopsis","Cylindrospermun","Cymbella","Chlorella","Closterium","Coelastrum","Coelosphaerium","Chroococcus","Coscinodiscus","Crucigenia tetrapoda","Crucigenia irregularis","Dyctiosphaerium","Eudorina","Euglena","Gloeocapsa","Gomphosphaeria lacustris","Golenkinia","Fragilaria capuchina","Kirchneriella","Leptolyngbya","Lepocinclis","Lyngbya lagerhemii","Merismopedia","Micractinium","Microcystis sp","Monoraphidium tortilé","Monoraphidium griffithi","Navicula","Nitzschia","Oscillatoria ","Pandorina","Pachycladella","Phacus","Planktothrix","Planktolyngbya sp","Pseudanabaena","Raphidiopsis","Rivularia","Scenedesmus acuminatus","Scenedesmus cuadricauda","Scenedesmus dimorphus","Selenastrum","Snowella","Surirella","Staurastrum","Stephanodiscus","Synechococcus","Tetrastrum","Treubaria","Woronichinia","año","mes","est","fecha"
"6",0,"2",0,0,0,0,0,"5",0,0,"10",0,0,"2","3",0,0,0,0,"15",0,0,0,0,"2","9",0,0,0,0,0,0,"20",0,"9","1",0,"3",0,"16",0,0,"6","13","25",0,0,"2","17",0,"4",0,0,0,0,0,0,0,0,0,"2014","10","LC-01",2014-10-01
0,0,0,0,0,0,0,"2","4",0,0,"3",0,0,"10","1","9",0,0,0,"4",0,0,0,"3","3",0,0,0,"1","8",0,0,"2",0,"6",0,0,"8",0,0,"2",0,0,"15",0,0,0,"1","5",0,0,0,0,0,0,0,0,0,0,0,"2014","10","LC-02",2014-10-01
"2",0,"3","1",0,0,0,"1",0,0,0,"110",0,0,"7",0,"1",0,"5",0,"4",0,0,"2",0,"1",0,0,0,0,"29",0,0,"3",0,"3","2",0,0,"3",0,0,0,0,"12",0,0,"28","1","5","2",0,0,0,0,0,0,0,0,0,0,"2014","10","LC-03",2014-10-01
0,0,"9",0,0,0,0,"1",0,0,"8","437",0,0,"15",0,"2",0,"21",0,"8",0,0,"12",0,0,0,0,0,"1","7",0,0,0,0,"11","13",0,"3","16",0," ",0,0,"16",0,0,0,"96",0,"4","1",0,0,0,0,0,0,"2","2",0,"2014","10","LC-04",2014-10-01
0,0,0,0,0,0,0,"2",0,0,0,"2493",0,0,"11",0,0,0,0,0,0,0,0,"11",0,"1",0,0,0,0,0,0,0,"2",0,"7","3",0,0,"7",0,0,0,0,"12","6",0,"144",0,"3",0,0,0,0,0,0,0,0,0,0,0,"2014","10","LC-05",2014-10-01
0,0,"8",0,0,0,0,"3",0,0,0,"252",0,0,"8",0,0,0,"1",0,0,0,0,"12",0,"1",0,0,0,0,"8",0,0,"6",0,"2","4",0,0,"2",0,0,0,"2","22","1",0,"26",0,"8","5",0,"10",0,0,0,0,0,"3","3",0,"2014","11","LC-01",2014-11-01
"1",0,"6",0,0,0,0,"2",0,0,"7","978",0,0,"37",0,0,0,"6",0,0,0,0,"6",0,"3",0,0,0,0,"9",0,0,"11",0,"7","2",0,"2","4",0,"2",0,"3","35",0,0,"56",0,"4",0,0,"3",0,0,0,0,0,0,0,0,"2014","11","LC-02",2014-11-01
"2",0,"6","1",0,0,0,0,0,0,0,"518",0,"3","14","2",0,0,"4",0,"12",0,0,"13",0,0,0,0,0,"2",0,0,0,"13",0,"3","6",0,"2",0,0,0,0,"3","37","3",0,"23",0,"8",0,"4","6",0,0,0,0,0,0,0,0,"2014","11","LC-03",2014-11-01
0,0,"4",0,0,0,0,"2",0,0,0,"514",0,0,"6",0,0,0,"4",0,0,0,0,"4",0,"2",0,0,0,0,"7",0,0,"4",0,"3","1",0,0,0,0,0,0,"2","32","1",0,"514",0,"3",0,"3",0,0,0,0,0,0,"2","2",0,"2014","11","LC-04",2014-11-01
0,0,"3",0,0,0,0,"3",0,0,0,"572",0,0,"7",0,0,0,"3",0,"1",0,0,"12",0,"1",0,0,0,"1","3",0,0,"9",0,"3","7",0,"2",0,"4","5",0,0,"26",0,0,"68",0,"16",0,"2","17",0,0,0,0,0,0,"4",0,"2014","11","LC-05",2014-11-01
0,0,"2",0,0,0,0,0,0,0,0,"208",0,0,"1",0,0,0,"2",0,0,0,0,0,"4","1",0,0,0,0,"5",0,0,0,0,0,0,0,0,0,0,0,0,"2","14","2",0,"28",0,"5",0,0,0,0,0,0,0,0,0,0,0,"2014","12","LC-01",2014-12-01
"2",0,"6","1",0,0,0,"6",0,0,0,"262",0,0,"25","3",0,0,"12",0,"7",0,0,"11","11","1",0,0,0,"2","23",0,0,"15",0,"3",0,0,"4","4",0,0,0,"19","12","3",0,"38",0,"19",0,0,"2",0,0,0,0,0,"3","2",0,"2014","12","LC-02",2014-12-01
0,0,0,0,0,0,0,0,0,0,0,"1408",0,0,0,"11",0,0,0,0,0,0,0,0,"3","2",0,0,0,0,"12",0,0,0,0,"19",0,0,0,0,"2",0,0,0,"15",0,0,"102",0,0,0,0,0,0,0,0,0,0,0,0,0,"2014","12","LC-03",2014-12-01
"4",0,"3",0,0,0,0,0,0,0,0,"1348",0,0,0,0,0,0,0,0,0,0,0,0,"6",0,0,0,0,"2",0,0,0,"14",0,"6",0,0,0,0,0,0,0,0,"16","7",0,"352",0,0,0,0,0,0,0,0,0,0,0,0,0,"2014","12","LC-04",2014-12-01
"3",0,0,0,0,0,0,0,0,0,0,"4096",0,0,0,0,0,0,0,0,0,0,0,0,0,"4",0,0,0,0,0,0,0,"2",0,0,0,0,0,0,0,0,0,0,"12","15",0,"96",0,0,0,0,0,0,0,0,0,0,0,0,0,"2014","12","LC-05",2014-12-01
"2",0,"3",0,0,0,0,"2",0,0,0,"151",0,0,"2",0,0,0,"1",0,"1",0,0,"2","2","1",0,0,0,0,"3",0,0,"3",0,"2","4",0,"1",0,0,0,0,"1","8","1",0,"19","2","3","3",0,"3",0,0,0,0,0,0,0,0,"2015","1","LC-01",2015-01-01
"2",0,"6","1",0,0,0,"3",0,0,0,"170",0,0,"14","3",0,0,"12",0,"7",0,0,"7","11","2","2",0,0,"2","23",0,0,"11",0,"3","2",0,"4","4",0,0,0,"19","9","3",0,"27","3","13",0,0,"2",0,0,0,0,0,"3","2",0,"2015","1","LC-02",2015-01-01
0,0,0,0,0,0,0,"1",0,0,0,"128",0,0,"4",0,0,0,0,0,"2",0,0,"3",0,"2",0,0,0,0,0,0,0,"2",0,"2","2",0,0,0,0,0,0,0,"9",0,0,"10","5","2",0,"2",0,0,0,0,0,0,0,0,0,"2015","1","LC-03",2015-01-01
"4",0,"2",0,0,0,0,"2",0,0,0,"730",0,0,"3",0,0,0,0,0,0,0,0,"4","6","2",0,0,0,"2",0,0,0,"8",0,"4",0,0,"1",0,0,0,0,0,"12.5","7",0,"182","4","4",0,0,"1",0,0,0,0,0,0,0,0,"2015","1","LC-04",2015-01-01
"2",0,"2",0,0,0,0,"1",0,0,0,"209",0,0,"5",0,0,0,0,0,"1",0,0,"6",0,"2.5",0,0,0,"2",0,0,0,"2",0,"3","2",0,0,0,0,0,0,0,"10","15",0,"54","6","4","1",0,"1",0,0,0,0,0,0,0,0,"2015","1","LC-05",2015-01-01
"2",0,"4",0,0,0,0,"3",0,0,0,"122",0,0,"3",0,0,0,"1",0,"1",0,0,"3","2","1",0,0,0,0,"2",0,0,"4",0,"2","6",0,"1",0,0,0,0,"1","9","1",0,"14","2","3","4",0,"3",0,0,0,0,0,0,0,0,"2015","2","LC-01",2015-02-01
"2",0,"3","1",0,0,0,"2",0,0,0,"124",0,0,"9","3",0,0,"7",0,"5",0,0,"5","11","2","2",0,0,"2","12",0,0,"9",0,"3","2",0,"4","4",0,0,0,"8","7","3",0,"22","3","10",0,0,"2",0,0,0,0,0,"3","2",0,"2015","2","LC-02",2015-02-01
0,0,0,0,0,0,0,"1",0,0,0,"135",0,0,"3",0,0,0,0,0,"2",0,0,"3",0,"2",0,0,0,0,0,0,0,"2",0,"2","1",0,0,0,0,0,0,0,"9",0,0,"10","5","2",0,"2",0,0,0,0,0,0,0,0,0,"2015","2","LC-03",2015-02-01
"4",0,"2",0,0,0,0,"3",0,0,0,"427",0,0,"2",0,0,0,0,0,0,0,0,"4","6","2",0,0,0,"2",0,0,0,"5",0,"3",0,0,"1",0,0,0,0,0,"10","7",0,"97","4","4",0,0,"1",0,0,0,0,0,0,0,0,"2015","2","LC-04",2015-02-01
"2",0,"2",0,0,0,0,"2",0,0,0,"149",0,0,"2",0,0,0,0,0,"1",0,0,"6",0,"2",0,0,0,"2",0,0,0,"2",0,"3","1",0,0,0,0,0,0,0,"9","8",0,"33","6","4","1",0,"1",0,0,0,0,0,0,0,0,"2015","2","LC-05",2015-02-01
"2",0,"5",0,0,0,0,"4",0,0,0,"94",0,0,"4",0,0,0,0,0,"2",0,0,"3",0,"1",0,0,0,0,0,0,0,"5",0,"2","9",0,"2",0,0,0,0,0,"10",0,0,"10","3","4","6",0,"6",0,0,0,0,0,0,0,0,"2015","3","LC-01",2015-03-01
"3",0,0,"1",0,0,0,0,0,0,0,"79",0,0,"4",0,0,0,0,0,0,0,0,"4",0,"3","2",0,0,"2",0,0,0,"7",0,"3","2",0,0,0,0,0,0,0,"6",0,0,"17","3","8",0,0,"3",0,0,0,0,0,0,0,0,"2015","3","LC-02",2015-03-01
0,0,0,0,0,0,0,"1",0,0,0,"128",0,0,"4",0,0,0,0,0,"2",0,0,"3",0,"2",0,0,0,0,0,0,0,"2",0,"2","2",0,0,0,0,0,0,0,"9",0,0,"10","5","2",0,"2",0,0,0,0,0,0,0,0,0,"2015","3","LC-03",2015-03-01
"4",0,"2",0,0,0,0,"4",0,0,0,"125",0,0,"3",0,0,0,0,0,0,0,0,"4",0,"2",0,0,0,0,0,0,0,"2",0,"2",0,0,"1",0,0,0,0,0,"9",0,0,"12","4","4",0,0,"1",0,0,0,0,0,0,0,0,"2015","3","LC-04",2015-03-01
"2",0,"2",0,0,0,0,"3",0,0,0,"89",0,0,"5",0,0,0,0,0,"1",0,0,"6",0,"1",0,0,0,"2",0,0,0,"2",0,"3","2",0,0,0,0,0,0,0,"8",0,0,"12","6","4","1",0,"1",0,0,0,0,0,0,0,0,"2015","3","LC-05",2015-03-01
"2",0,0,"5",0,"4",0,0,0,0,0,"94",0,"10",0,"4",0,0,0,0,0,"2","3",0,0,0,"1",0,0,0,0,0,0,"5",0,"2","9","2",0,0,0,0,0,0,"1",0,"1","10","3","4","6",0,"6",0,0,0,0,0,0,0,0,"2015","4","LC-01",2015-04-01
"3",0,0,0,"3",0,0,0,0,0,0,"79",0,"6",0,"4",0,0,0,0,0,0,"4",0,0,0,"3",0,"2",0,0,0,0,"7",0,"3","2",0,0,0,0,0,0,0,0,0,0,"17","3","8",0,0,"3",0,0,0,0,0,0,0,0,"2015","4","LC-02",2015-04-01
0,0,0,0,0,"1",0,0,0,0,0,"128",0,"9",0,"4",0,0,0,0,0,"2","3",0,0,0,"2",0,0,0,0,0,0,"2",0,"2","2",0,0,0,0,0,0,0,0,0,"2","10","5","2",0,"2",0,0,0,0,0,0,0,0,0,"2015","4","LC-03",2015-04-01
"4",0,0,"2","2","4",0,0,0,0,0,"125",0,"9",0,"3",0,0,0,0,0,0,"4",0,0,0,"2",0,0,0,0,0,0,"2",0,"2",0,"1",0,0,0,0,0,0,"3",0,0,"12","4","4",0,0,"1",0,0,0,0,0,0,0,0,"2015","4","LC-04",2015-04-01
"2",0,0,"2",0,"3",0,0,0,0,0,"89",0,"8",0,"5",0,0,0,0,0,"1","6",0,0,0,"1",0,0,0,0,0,0,"2",0,"3","2",0,0,0,0,0,0,0,"1",0,"1","12","6","4","1",0,"1",0,0,0,0,0,0,0,0,"2015","4","LC-05",2015-04-01
"1",0,"7",0,0,0,0,"1",0,0,0,"1472",0,0,"2",0,0,0,"6",0,0,0,0,"1","1","2",0,0,0,0,0,0,0,"8",0,"2",0,0,"3","2",0,0,0,0,"56",0,0,"38","14","4",0,"3",0,0,0,0,0,0,0,0,0,"2015","5","LC-01",2015-05-01
0,0,"5",0,0,0,0,0,0,0,0,"152",0,0,"2","3",0,0,"2",0,0,0,0,"2","3","3",0,0,0,0,0,0,0,"5",0,"3","4",0,0,"1",0,0,0,"3","16",0,0,"18","25","1","1",0,"3",0,0,0,0,0,0,0,0,"2015","5","LC-02",2015-05-01
"2",0,0,0,0,0,0,"1",0,0,0,"1080",0,0,"3","3",0,0,"1",0,0,0,0,"2",0,"1",0,0,0,0,0,0,0,0,0,"5",0,0,"1",0,0,0,0,"1","48",0,0,"72","12",0,0,0,0,0,0,0,0,0,0,0,0,"2015","5","LC-03",2015-05-01
"6",0,"23",0,0,0,0,"6",0,0,"3","2280",0,0,"5","11",0,0,0,0,0,0,0,"19","16",0,0,0,0,0,0,0,0,"6",0,0,"6",0,"2",0,0,0,0,0,"51",0,0,"112","48","8","2","1",0,0,0,0,0,0,0,0,0,"2015","5","LC-04",2015-05-01
"3",0,0,0,0,0,0,"1",0,0,0,"768",0,0,"7","5",0,0,0,0,0,0,0,0,0,"1",0,0,0,0,0,0,0,"3",0,"3","1",0,"2","1",0,0,0,0,"58",0,0,"51",0,"3",0,0,0,0,0,0,0,0,0,0,0,"2015","5","LC-05",2015-05-01
"2",0,"3",0,0,0,0,"2",0,0,0,"252",0,0,"1",0,0,0,"2",0,0,0,0,"2","1","1",0,0,0,0,0,0,0,"7",0,"4",0,0,0,"1",0,0,0,0,"12",0,0,"18","4","2",0,"3",0,0,0,0,0,0,0,0,0,"2015","6","LC-01",2015-06-01
0,0,"4",0,0,0,0,0,0,0,0,"124",0,0,0,"1",0,0,"1",0,0,0,0,"3","1","2",0,0,0,"1",0,0,0,"6",0,"5","5",0,"2",0,0,0,0,"1","14",0,0,"8","15","1","1",0,"3",0,0,0,0,0,0,0,0,"2015","6","LC-02",2015-06-01
"2",0,0,0,0,0,0,"1",0,0,0,"128",0,0,"2","1",0,0,"1",0,0,0,0,"4",0,"1",0,0,0,0,0,0,0,0,0,"6","2",0,0,"2",0,0,0,"1","15",0,0,"12","6",0,0,0,0,0,0,0,0,0,0,0,0,"2015","6","LC-03",2015-06-01
"2",0,"18",0,0,0,0,"5",0,0,0,"275",0,0,0,0,0,0,0,0,0,0,0,"3","2",0,0,0,0,0,0,0,0,"7",0,0,"4",0,"1","1",0,0,0,0,"11",0,0,"14","12","2",0,"1",0,0,0,0,0,0,0,0,0,"2015","6","LC-04",2015-06-01
"1",0,0,0,0,0,0,"2",0,0,0,"235",0,0,0,"2",0,0,0,0,0,0,0,0,0,"1",0,0,0,0,0,0,0,"4",0,"4","2",0,0,0,0,0,0,0,"12",0,0,"12",0,"3","1",0,0,0,0,0,0,0,0,0,0,"2015","6","LC-05",2015-06-01
0,0,"6",0,"4",0,0,"1",0,0,0,"182",0,0,"9",0,0,0,0,0,"11",0,0,"2",0,0,0,0,0,0,"3",0,0,"5",0,"12","3",0,"3",0,0,"2",0,0,"6",0,0,"14","3","5","1",0,0,0,0,0,0,"10",0,0,0,"2015","7","LC-01",2015-07-01
0,0,"4",0,"2",0,0,"1",0,0,0,"1440",0,0,"6","3",0,0,0,0,"1",0,0,"4",0,0,0,0,0,"3","2",0,0,"19",0,"7",0,0,"4","4",0,0,0,"2","9","2",0,"23",0,"2",0,0,0,0,0,0,0,"2",0,0,0,"2015","7","LC-02",2015-07-01
"7",0,"7",0,"3",0,0,"3",0,0,"2","210",0,0,"2","2",0,0,"2",0,"3","3",0,"4",0,0,0,0,0,"3",0,0,0,"44",0,"7","6",0,"1",0,0,"1",0,"2","8","31",0,"16",0,"2","3","3",0,0,0,0,0,"3",0,0,0,"2015","7","LC-03",2015-07-01
"3",0,"13",0,0,0,0,0,0,0,0,"211",0,0,"8","2",0,0,0,0,0,"3",0,"3",0,0,0,0,0,"4",0,0,0,"9",0,0,"3",0,"2","2",0,0,0,"1","12","17",0,"17",0,0,0,"4",0,0,0,0,0,"2",0,0,0,"2015","7","LC-04",2015-07-01
0,0,"36",0,"2",0,0,"7",0,0,0,"71",0,0,"2","3","13",0,"2",0,"4",0,0,"196",0,0,0,"3",0,"14",0,0,"3","156",0,"23",0,0,"13","2","3",0,0,"2","72","196",0,"16","3",0,0,"2",0,0,0,0,0,"2",0,"3",0,"2015","7","LC-05",2015-07-01
"4",0,"4",0,0,0,0,"2",0,0,0,"48",0,0,0,0,"1",0,0,0,0,0,0,"7",0,0,0,0,0,"5",0,0,"4","3",0,"4",0,0,0,"1",0,0,0,0,0,0,0,"4",0,"4",0,0,0,0,0,0,0,"4",0,0,0,"2015","8","LC-01",2015-08-01
0,0,0,0,0,0,0,0,0,0,0,"2",0,0,"3",0,"5",0,"2",0,"3",0,0,"1",0,0,0,0,0,"6",0,0,0,"8",0,0,0,0,"2",0,0,0,0,"3",0,"3",0,"3",0,"2",0,0,0,0,0,0,0,0,0,0,0,"2015","8","LC-02",2015-08-01
"1",0,0,0,"2",0,0,"1","4",0,0,"27",0,0,"3",0,"3",0,0,0,0,0,0,"4",0,0,0,0,0,0,0,0,0,"1",0,"3",0,0,0,"1",0,0,0,"3",0,"7",0,"11",0,"1",0,0,0,0,0,0,0,0,0,"1",0,"2015","8","LC-03",2015-08-01
"4",0,"9",0,"2",0,0,"1","9",0,0,"80",0,0,"13","3","6",0,"1",0,"1",0,0,"8",0,0,0,0,0,"11",0,0,0,"52",0,"5","7",0,"2","1",0,0,0,"1","1","26",0,"18",0,"13","3","11",0,0,0,0,0,"1",0,"4",0,"2015","8","LC-04",2015-08-01
"2",0,"8",0,0,0,0,"1","2",0,0,"62",0,0,"8",0,"2",0,"1",0,"1",0,0,"2",0,0,0,"1",0,0,0,0,0,"12",0,"4","2",0,"1","1",0,0,0,"2",0,"12",0,"9",0,"4","2","8",0,0,0,0,0,"1",0,0,0,"2015","8","LC-05",2015-08-01
"1",0,"7",0,0,"13",0,"3",0,0,0,"12",0,0,0,0,0,0,0,0,0,0,0,"9",0,0,0,"4",0,0,0,0,0,0,0,0,"1","47",0,0,"7","3",0,"3",0,0,0,"4",0,0,"1",0,0,0,0,0,0,0,0,0,0,"2015","9","LC-01",2015-09-01
0,0,0,0,0,"5",0,0,"3",0,0,"9",0,0,0,0,"5",0,0,0,0,0,0,"2","1",0,0,0,0,0,0,0,"2","10",0,0,0,"40",0,0,"2",0,0,"9",0,0,0,"9",0,"11",0,0,0,0,0,0,0,"6",0,0,0,"2015","9","LC-02",2015-09-01
0,0,0,0,0,"11",0,0,0,0,0,"18",0,0,"3",0,0,0,0,0,0,0,0,0,0,0,0,0,0,0,0,0,0,"7",0,0,0,"151",0,0,0,0,0,0,0,0,0,"4",0,"12","1","1",0,0,0,0,0,0,0,0,0,"2015","9","LC-03",2015-09-01
0,0,0,0,0,0,0,0,0,0,0,"3",0,0,0,0,0,0,0,0,0,0,0,0,0,0,0,0,0,0,0,0,"3","3",0,0,"12","12",0,0,"3",0,0,0,0,0,0,"3",0,"3",0,0,0,0,0,0,0,"22",0,0,0,"2015","9","LC-04",2015-09-01
0,0,0,0,0,"15",0,0,0,0,0,"11",0,0,0,0,0,0,0,0,0,0,0,"1",0,0,0,"2",0,0,0,0,0,"16",0,0,0,"53",0,0,"1",0,0,"9",0,0,0,"13",0,"3",0,"4",0,0,0,0,0,"7",0,0,0,"2015","9","LC-05",2015-09-01
"2",0,0,0,0,"13",0,"2",0,0,0,"26",0,0,0,0,0,0,0,0,0,0,0,"10",0,0,0,0,0,"7",0,0,0,"6",0,0,"5","104",0,0,0,0,0,0,"13",0,0,"8",0,"3",0,0,0,0,0,0,0,0,0,0,0,"2015","10","LC-01",2015-10-01
"3",0,"7",0,0,"12",0,"3",0,0,0,"32",0,0,0,0,0,0,0,0,0,0,0,0,0,0,0,0,0,0,0,0,0,"52",0,0,"8","161","2",0,0,0,0,"11","5",0,0,"7",0,"8",0,0,0,0,0,0,0,"3",0,0,0,"2015","10","LC-02",2015-10-01
"3",0,"6",0,0,"11",0,0,0,0,0,"24",0,0,0,0,0,0,0,0,0,0,0,"8",0,0,0,0,0,"8",0,0,0,"12",0,"3","6","139","2",0,0,0,0,"3","7",0,0,"16",0,"7",0,"3",0,0,0,0,0,0,0,0,0,"2015","10","LC-03",2015-10-01
"1",0,0,0,0,"7",0,"2",0,0,0,"408",0,0,"10",0,0,0,0,0,"2",0,0,"8",0,0,0,0,0,"3",0,0,0,0,0,0,"8","814",0,0,0,0,0,0,"16",0,0,"35",0,0,0,"3",0,0,0,0,0,"11",0,0,0,"2015","10","LC-04",2015-10-01
"13",0,"12",0,"6","17",0,"6",0,0,0,"376",0,0,"21",0,0,0,0,0,"2",0,0,"12",0,0,0,0,0,"17",0,0,0,"33",0,"3","22","817","3",0,0,0,0,"2","16",0,0,"45",0,"14",0,0,0,0,0,0,0,"12",0,0,0,"2015","10","LC-05",2015-10-01
"1",0,"5",0,0,"8",0,"3","1",0,0,"522",0,0,"4",0,0,0,"2",0,0,0,0,"9",0,"1",0,0,0,0,"7",0,0,"5",0,"1","5","185",0,"2",0,0,0,"2","29","1",0,"36",0,"7","2",0,"5",0,0,0,0,0,"2","2",0,"2015","11","LC-01",2015-11-01
"1",0,"11",0,0,"4",0,"2",0,0,"2","601",0,0,"12",0,0,0,"6",0,0,0,0,"7",0,"2",0,0,0,"2","11",0,0,"9",0,"6","1","178","2","4",0,"1",0,"3","31",0,0,"66",0,"5",0,0,"2",0,0,0,0,0,0,0,0,"2015","11","LC-02",2015-11-01
"2",0,"2",0,0,"2",0,0,"2",0,"1","187",0,"3","9","2",0,0,"5",0,"12",0,0,"8",0,0,0,0,0,"2","2",0,0,"10",0,"5","5","210","2","1","1","1",0,"3","32","3",0,"19",0,"9",0,"2","1",0,0,0,0,0,"1","1",0,"2015","11","LC-03",2015-11-01
0,0,"5",0,0,"3",0,"2",0,0,0,"452",0,0,"3","1",0,0,"3",0,"3",0,0,"5",0,"1",0,0,0,"4","9",0,0,"5",0,"3","2","210","1",0,"1","2",0,"2","29","1",0,"51",0,"4",0,"1",0,0,0,"2",0,0,"1","1",0,"2015","11","LC-04",2015-11-01
0,0,"2",0,0,"6",0,"3",0,0,"2","465",0,0,"5",0,0,0,"1",0,"1",0,0,"8",0,"2",0,0,0,"3","4",0,0,"8",0,"4","8","199","3",0,"3","4",0,0,"22",0,0,"58",0,"14","2","1","2",0,0,0,0,0,0,"3",0,"2015","11","LC-05",2015-11-01
0,0,"3",0,"1",0,0,0,0,0,0,"81",0,0,"1",0,0,0,0,0,0,0,0,0,0,0,0,0,0,0,"11",0,0,"2",0,0,0,0,0,0,0,0,0,"1","8",0,0,"17",0,0,0,0,"1",0,0,0,0,0,0,0,"1","2015","12","LC-01",2015-12-01
0,0,"9","4","2",0,0,"3",0,0,0,"93",0,0,0,0,0,0,0,0,0,0,0,0,0,0,0,0,"3","3","15",0,0,"12",0,"2","7",0,"2",0,0,0,0,0,"14","2",0,"3",0,"6",0,0,"3",0,0,0,0,"11",0,0,0,"2015","12","LC-02",2015-12-01
0,0,"3","1",0,0,0,"1",0,0,0,"325",0,0,"11",0,"4",0,0,0,0,0,0,"3",0,0,0,0,0,0,0,0,0,"12",0,0,"1","27",0,0,"3",0,0,0,"6",0,0,"21",0,"2",0,0,0,0,0,0,0,0,0,0,0,"2015","12","LC-03",2015-12-01
0,0,"4",0,0,0,0,0,0,0,"1","137",0,0,"6",0,"3",0,0,0,0,0,0,"2",0,0,0,0,0,0,0,0,0,"3",0,0,"3","18",0,0,"1",0,0,0,"2","1",0,"5",0,0,0,0,"2",0,0,0,0,"1",0,0,0,"2015","12","LC-04",2015-12-01
0,0,"2",0,0,0,0,0,0,0,0,"145",0,0,"3",0,0,0,0,0,0,0,0,"2",0,0,0,0,0,0,0,0,0,"4",0,0,0,0,0,0,"4",0,0,0,"3",0,0,"11",0,0,0,0,0,0,0,0,0,"2",0,0,"1","2015","12","LC-05",2015-12-01
0,0,"3",0,0,0,0,0,0,0,0,"46",0,0,"2",0,0,0,0,0,0,0,0,0,0,0,0,0,0,0,0,0,0,"4",0,0,"2",0,0,0,0,0,0,0,"1",0,0,"5",0,"2","1",0,"1",0,0,0,0,"2",0,0,0,"2016","1","LC-01",2016-01-01
0,0,"6",0,0,0,0,0,0,0,0,"194",0,0,0,0,0,0,0,0,0,0,0,0,0,0,0,0,0,"1","46",0,0,"13",0,0,0,0,0,0,0,0,0,0,"5",0,0,"2",0,"3",0,0,0,0,0,0,0,0,0,0,0,"2016","1","LC-02",2016-01-01
0,0,"4",0,0,0,0,0,0,0,0,"48",0,0,0,0,0,0,0,0,0,0,0,0,0,0,0,0,0,0,"17",0,0,0,0,0,"2",0,0,0,0,0,0,0,"3",0,0,"3",0,"2",0,0,0,0,0,0,0,0,0,0,0,"2016","1","LC-03",2016-01-01
0,0,0,0,0,0,0,0,0,0,0,"322",0,0,0,0,0,0,0,0,0,0,0,0,0,0,0,0,0,0,"37",0,0,"1",0,0,0,0,0,0,0,0,0,0,"12",0,0,"6",0,0,0,0,0,0,0,0,0,0,0,0,0,"2016","1","LC-04",2016-01-01
0,0,"3",0,0,0,0,0,0,0,0,"373",0,0,"7",0,0,0,0,0,0,0,0,0,"5",0,0,0,0,"3","22",0,0,"22",0,"7","8",0,"7",0,"1",0,0,0,"4",0,0,"6",0,"5",0,"2","3",0,0,0,0,"2",0,0,0,"2016","1","LC-05",2016-01-01
0,0,"4",0,0,0,0,"1",0,0,"2","285",0,0,"3",0,0,0,"3",0,0,0,0,"6",0,0,0,0,0,"2","3",0,0,"10",0,0,0,0,"1","2",0,"2",0,0,"7",0,0,"6",0,"3",0,"2",0,0,0,0,0,0,0,"2",0,"2016","2","LC-01",2016-02-01
0,0,"8","1","2",0,0,"3",0,0,"3","177",0,0,"10",0,0,0,"2",0,"3",0,"3","10",0,0,0,"3",0,"5","48",0,0,"15",0,0,0,0,"2","2",0,0,0,0,"14",0,"5","11",0,"7",0,"4",0,0,0,0,0,0,0,0,"6","2016","2","LC-02",2016-02-01
"2",0,"26","3","4",0,0,"8",0,0,"2","1192",0,0,"6",0,0,0,"4",0,"4",0,"9","9",0,0,0,0,0,"16",0,0,0,"16",0,"3","16","6","3",0,0,"6",0,0,"25",0,0,"21","1","14",0,"2","5",0,0,0,0,0,0,0,"1","2016","2","LC-03",2016-02-01
"1",0,"14","2","11","1",0,"2",0,0,"3","270",0,0,"5",0,0,0,"2",0,"2",0,"2","1",0,0,0,0,0,"4","76",0,0,"11",0,0,"8","5","2","3",0,0,0,"3","11","2","2","9",0,"4",0,0,0,0,0,0,0,0,0,0,0,"2016","2","LC-04",2016-02-01
0,0,"14",0,0,0,0,"1",0,0,"6","301",0,0,"2",0,0,0,"4",0,"2",0,"3","3",0,0,0,0,0,"8",0,0,0,"16",0,"7","8",0,0,"4",0,0,0,"3","11","86",0,"12",0,"5",0,"2",0,0,0,0,0,0,0,"3",0,"2016","2","LC-05",2016-02-01
0,0,"4",0,"1",0,0,"2",0,0,"4","148",0,0,"3",0,0,0,"2",0,"1",0,"7",0,0,0,0,0,0,0,"3",0,"5","9",0,0,"1",0,0,"2",0,0,0,"6","8","3",0,"6",0,"3",0,"3",0,0,0,0,0,0,0,0,0,"2016","3","LC-01",2016-03-01
0,0,"3",0,0,0,0,0,0,0,0,"84",0,0,"2",0,0,0,"3",0,0,0,"2",0,0,0,0,0,0,"1",0,0,0,"6",0,0,0,0,0,"1",0,0,"2",0,"5","2",0,"6",0,0,0,0,0,0,0,0,0,0,0,0,0,"2016","3","LC-02",2016-03-01
0,0,"14",0,0,0,0,"3",0,0,0,"828",0,0,"4",0,0,0,"4",0,"1",0,"11","2",0,0,0,0,0,"4",0,"2",0,"23",0,0,"5",0,0,"5",0,0,0,0,"25","1",0,"19",0,"9",0,"1",0,0,0,0,0,0,0,0,0,"2016","3","LC-03",2016-03-01
0,0,"15",0,0,0,0,0,0,0,0,"7",0,0,"2",0,0,0,0,0,0,0,"10","6","4",0,0,"1",0,"3","39",0,0,"10",0,"4","3","78","1",0,0,0,0,"4","2",0,0,"4",0,"2",0,0,0,0,0,0,0,0,0,"1",0,"2016","3","LC-04",2016-03-01
"4",0,"12",0,0,0,0,"2",0,0,0,"682",0,0,0,0,0,0,0,0,0,0,"8",0,0,0,0,"2",0,"7",0,0,0,"25",0,0,"8","60","7",0,0,0,"1",0,"26","50",0,"12",0,"6",0,0,0,0,0,0,0,0,0,0,"8","2016","3","LC-05",2016-03-01
"2",0,0,"55","5","5",0,"1","8",0,0,"1281",0,0,"35",0,"8",0,0,0,0,0,"9",0,"3","3",0,0,0,0,0,"12","70","28",0,0,"30","8","14",0,"18",0,0,0,0,"5",0,"128","9","20",0,"5",0,0,0,0,0,0,0,"1",0,"2016","4","LC-01",2016-04-01
0,0,0,"8","10","2",0,0,"1",0,0,"460",0,"1","8",0,"3",0,0,0,0,"2",0,"1",0,"8",0,0,0,0,0,"8","19","6",0,0,"15",0,"2",0,"4",0,0,0,0,0,0,"223",0,"9",0,"3",0,0,0,0,0,"1","2","7",0,"2016","4","LC-02",2016-04-01
"2",0,0,"28",0,"6",0,0,"4",0,"2","886",0,"3","24",0,"14",0,0,0,"24",0,0,"4",0,"5",0,0,0,0,0,"9","1","7",0,0,"22",0,"6",0,"34","1",0,"2",0,"6",0,"245","12","9",0,"6",0,0,0,0,0,"4","22","6",0,"2016","4","LC-03",2016-04-01
0,0,0,"4",0,0,0,0,"2",0,"2","210",0,0,"11",0,"4",0,0,0,"3",0,0,"2",0,0,0,0,0,0,0,"3","37",0,0,0,"3",0,0,0,0,0,0,0,0,0,0,"169",0,"4",0,0,0,0,0,0,0,0,"1","3",0,"2016","4","LC-04",2016-04-01
0,0,0,"6","3","3",0,0,0,0,0,"524",0,0,"13",0,"3",0,0,0,0,0,0,"2",0,0,0,0,0,0,0,0,"30","4",0,0,"13","2","3","1","5",0,0,0,0,0,0,"128","1","13",0,0,0,0,0,0,0,0,"12","4",0,"2016","4","LC-05",2016-04-01
"2",0,0,"9",0,"3",0,"2",0,0,0,"924",0,0,"29",0,"10",0,0,0,0,0,0,"2",0,"6","11",0,0,0,0,"13","35","16",0,0,"25",0,"2",0,"2",0,0,"2",0,"6",0,"127","8","22",0,"2",0,0,0,0,0,0,"6","2",0,"2016","5","LC-01",2016-05-01
0,0,0,"7",0,0,0,0,0,0,0,"678",0,0,"6",0,"3",0,0,0,0,0,0,0,0,"3",0,0,0,0,0,"3",0,"2",0,0,"6",0,"3",0,"3",0,0,0,0,"3",0,"221",0,"4",0,0,0,0,0,0,0,0,0,"2",0,"2016","5","LC-02",2016-05-01
"1",0,0,"10",0,0,0,"2",0,0,0,"385",0,0,"17",0,"9",0,0,0,0,0,0,"2","3","3","3",0,0,0,0,"4","29","7",0,0,"9","2","2",0,"1",0,"1",0,0,"4",0,"199","4","7",0,0,0,0,0,0,0,0,"3","3",0,"2016","5","LC-03",2016-05-01
"1",0,0,"2",0,"1",0,0,0,0,0,"228",0,0,"12",0,"7",0,0,0,0,0,0,"2",0,0,0,0,0,0,0,"3","3","21",0,"2","7",0,"1",0,"1",0,"1",0,0,0,0,"271","2",0,0,0,"1",0,0,0,0,0,0,"3",0,"2016","5","LC-04",2016-05-01
0,0,0,"6",0,0,0,"2",0,0,0,"620",0,0,"6",0,"1",0,0,"1",0,0,0,"2","2",0,0,0,0,0,0,"2","3","6",0,0,"12",0,"5",0,"9",0,0,"2",0,0,0,"187","2","6",0,0,0,0,0,0,0,0,0,0,0,"2016","5","LC-05",2016-05-01
0,0,0,"6","2",0,0,0,0,0,0,"180",0,0,0,0,0,0,0,"1",0,0,0,0,0,0,0,0,0,"5",0,0,"3","3",0,"2",0,0,0,"3",0,0,0,0,"7",0,0,"3",0,0,0,0,0,0,0,0,0,0,0,0,0,"2016","6","LC-01",2016-06-01
0,0,0,"1","3",0,0,0,0,0,0,"196","3",0,"2",0,0,0,0,0,0,0,0,"2",0,0,0,0,0,"3",0,0,"15","5",0,"2","2",0,0,"3",0,0,"1","5","3",0,0,"9",0,0,0,0,"2",0,0,0,0,"2",0,0,0,"2016","6","LC-02",2016-06-01
0,0,0,0,0,0,0,0,0,0,0,"124",0,0,0,0,0,0,0,"1","1",0,0,"1",0,0,0,0,0,"4","3",0,0,0,0,"5",0,0,0,"3",0,0,"1","3","2",0,"16",0,0,0,0,0,0,0,0,0,0,0,0,0,0,"2016","6","LC-03",2016-06-01
"3",0,"2","3",0,0,0,0,0,0,0,"672","6",0,"4",0,0,0,0,0,"3",0,0,"2","7",0,0,0,0,"8",0,0,"14","10",0,0,"3",0,"2","8","2","3",0,"6","16",0,"30","2",0,"1",0,0,"3",0,0,0,0,"4",0,0,0,"2016","6","LC-04",2016-06-01
0,0,"6","2","3",0,0,"1",0,0,0,"384","1",0,"6",0,0,0,0,0,0,0,0,0,"3",0,0,0,0,"2",0,0,"2","4",0,0,"2",0,0,"3",0,0,0,"2","8",0,"9","15",0,0,0,0,0,0,0,0,0,0,0,0,0,"2016","6","LC-05",2016-06-01
0,0,"6","3","1",0,0,"1",0,0,0,"216",0,0,"7",0,0,0,0,0,0,0,0,0,0,0,0,"2",0,"2",0,0,"9","6",0,0,"3",0,0,"3",0,0,0,0,"7","3",0,"16",0,"3",0,0,"2",0,0,0,0,0,0,0,0,"2016","7","LC-01",2016-07-01
0,0,"5",0,0,0,0,0,0,0,0,"298","2",0,"2",0,0,0,0,0,"1",0,0,0,0,0,0,"2",0,0,"16",0,0,"3",0,0,0,0,"2","2",0,0,"2",0,"3","3",0,"7",0,"3",0,0,0,0,0,0,0,0,0,0,0,"2016","7","LC-02",2016-07-01
0,0,"6","2",0,0,0,0,0,0,0,"360",0,0,"3",0,0,0,0,0,0,0,0,0,0,0,"2",0,0,"2","8",0,0,"11",0,0,0,0,0,"2",0,0,0,0,"7","3",0,"18",0,"3",0,0,"2",0,0,0,0,"3",0,0,0,"2016","7","LC-03",2016-07-01
"2",0,"4","1","1",0,0,0,0,0,0,"196","2",0,0,0,0,0,0,0,0,0,0,0,0,0,"5",0,0,0,"17",0,0,"3",0,0,0,0,0,"2",0,0,"1",0,0,"2",0,"7",0,0,0,0,"2",0,0,0,0,"1",0,0,0,"2016","7","LC-04",2016-07-01
0,0,"4","4","2",0,0,0,0,0,0,"232",0,0,"3",0,0,0,0,0,0,0,0,0,0,0,0,0,0,"2","19",0,0,"5",0,0,"3",0,0,"1",0,0,0,0,"3",0,0,0,0,0,0,"2",0,0,0,0,0,"3",0,0,0,"2016","7","LC-05",2016-07-01
"4",0,"3",0,0,0,0,0,0,0,0,"148",0,0,"4",0,"3",0,0,0,0,0,"11",0,"1",0,"2","1",0,"3",0,0,0,"14",0,"13","2",0,0,"2",0,"3",0,"6","2","3",0,"13",0,"10",0,"2","6",0,0,0,0,0,0,0,0,"2016","8","LC-01",2016-08-01
"2",0,0,0,0,0,0,0,0,0,0,"60","1",0,"2",0,0,0,0,0,0,0,"2","4",0,"3",0,0,0,"1",0,0,0,0,0,0,0,0,0,0,0,"1",0,"8",0,0,0,"1",0,"2",0,0,0,0,0,0,0,"2",0,0,0,"2016","8","LC-02",2016-08-01
"5",0,0,0,0,0,0,0,0,0,0,"65",0,0,0,"3",0,0,0,0,0,0,0,"18",0,"2",0,0,0,"3",0,0,0,"1",0,0,0,0,0,0,"2","1",0,0,0,"1",0,"2",0,"2",0,0,"2",0,0,0,0,0,0,0,0,"2016","8","LC-03",2016-08-01
"3",0,0,0,0,0,0,0,0,0,0,"20",0,0,0,0,0,0,0,0,0,0,0,0,0,0,0,0,0,0,0,0,0,0,0,"2",0,0,0,0,"3",0,"1",0,0,0,0,"3",0,0,0,0,0,0,0,0,0,0,0,0,0,"2016","8","LC-04",2016-08-01
"4",0,0,0,0,0,0,0,0,0,0,0,0,0,"2","2",0,0,0,0,0,0,0,"8",0,0,0,0,0,0,0,0,0,"2",0,"2",0,0,0,0,"2",0,0,0,0,0,0,"5",0,0,0,0,0,0,0,0,0,0,0,0,0,"2016","8","LC-05",2016-08-01
0,0,0,0,"1",0,0,0,0,0,0,"86",0,0,"7",0,0,0,0,0,0,0,0,"2",0,0,0,0,0,"4",0,0,0,"3",0,"14",0,0,0,"4",0,"1",0,"4",0,0,0,"19",0,"6",0,"2","3",0,0,0,0,0,0,0,0,"2016","9","LC-01",2016-09-01
0,0,0,0,0,0,0,0,0,0,0,"108","1",0,"7",0,0,0,0,0,0,0,0,0,0,0,0,"1",0,0,0,0,0,"2",0,"4",0,0,0,0,"1","1",0,"2",0,0,0,"4",0,"2",0,0,0,0,0,0,0,0,0,0,0,"2016","9","LC-02",2016-09-01
"6",0,"1","2",0,0,0,"2",0,"3",0,"92",0,0,"12",0,"5",0,0,"1","6","1",0,0,0,"4","9",0,"1","11","21",0,0,"11",0,"16","6",0,"5",0,"6",0,0,"2","4",0,0,"22",0,"12",0,"6",0,0,0,0,0,0,0,0,"3","2016","9","LC-03",2016-09-01
0,0,0,"3",0,"1",0,0,"2",0,0,"54","3",0,"7",0,0,0,0,0,0,0,0,"7",0,"1",0,0,"2","1","4",0,0,"9",0,"4","7",0,"4",0,"3","4","1","2",0,0,0,"6",0,"5","1","2","6",0,0,0,0,"1",0,0,0,"2016","9","LC-04",2016-09-01
0,0,0,"1",0,0,0,0,0,0,0,"176",0,0,"1",0,0,0,0,0,0,0,0,0,0,"2",0,0,"4",0,"8",0,0,"7",0,"9",0,0,0,0,"4","4",0,0,0,0,0,"52",0,"2",0,0,0,0,0,0,0,0,0,0,0,"2016","9","LC-05",2016-09-01
0,0,"4","8","6",0,0,0,0,0,0,"156","1",0,"13",0,0,0,0,"1","1",0,0,"2",0,0,0,0,"4","6","2",0,0,"31",0,"17","4",0,0,"2","11","12",0,"2","6",0,0,"21",0,"4",0,"5","6",0,0,0,0,0,0,0,0,"2016","10","LC-01",2016-10-01
0,0,0,0,0,0,0,"1",0,0,0,"1177",0,0,0,0,0,0,0,0,"1",0,0,"3",0,0,0,0,"2","3",0,0,0,0,0,0,"1",0,0,0,"7",0,"1",0,0,"1",0,"3",0,"4",0,0,0,0,0,0,0,0,0,0,0,"2016","10","LC-02",2016-10-01
0,0,"9",0,"4",0,0,0,0,0,0,"675","2",0,"3",0,0,0,0,0,"4","6",0,0,0,"2",0,0,"4","4",0,0,0,"7",0,"3","1",0,0,"2","23","6",0,0,"8",0,0,"14",0,"1",0,0,"2",0,0,0,0,0,0,"3",0,"2016","10","LC-03",2016-10-01
0,0,"3",0,"5",0,0,0,0,0,0,"1088",0,0,"4",0,"1",0,0,0,0,0,0,"2",0,0,0,0,0,"2",0,0,0,"2",0,"4",0,0,0,0,"4",0,0,0,"2",0,0,"11",0,"2",0,"2","4",0,0,0,0,0,0,0,0,"2016","10","LC-04",2016-10-01
0,0,0,"3",0,0,0,0,0,0,"2","892",0,0,0,0,0,0,0,0,"1",0,0,"7",0,0,0,0,0,"2",0,0,0,"8",0,"5",0,0,"1","1","6","4",0,0,"2","1",0,"13",0,"4","3",0,"2",0,0,0,0,0,0,"4",0,"2016","10","LC-05",2016-10-01
0,0,"2",0,0,0,0,0,0,0,0,"240",0,0,"6",0,"1",0,0,0,0,0,0,"2",0,0,0,0,"1","1",0,0,0,"6",0,"3","2",0,0,0,"12",0,0,"1","10",0,0,"7",0,0,0,"1",0,0,0,0,0,0,0,0,0,"2016","11","LC-01",2016-11-01
0,0,0,"2",0,0,0,0,0,0,0,"224","2",0,"3",0,0,0,0,0,0,0,0,"2",0,0,0,0,0,0,0,0,0,"2",0,"14","1",0,0,"1","9","1",0,"1",0,"6",0,"6",0,"1",0,0,0,0,0,0,0,0,0,0,"3","2016","11","LC-02",2016-11-01
"2",0,"4","7",0,0,0,0,0,0,0,"188",0,0,"5",0,0,0,0,"3","2",0,0,0,0,0,0,0,0,"3","5",0,0,"5",0,"5",0,0,0,0,"18","2","2",0,0,"2",0,"9",0,0,0,0,0,0,0,0,0,0,0,0,0,"2016","11","LC-03",2016-11-01
0,0,0,"4",0,0,0,0,0,0,0,"284",0,0,"4",0,0,0,0,0,"1",0,0,0,0,0,0,0,"2",0,0,0,0,"1",0,"1","2",0,0,0,"6","2",0,0,"5",0,0,"4",0,0,0,"1",0,0,0,0,0,0,0,0,0,"2016","11","LC-04",2016-11-01
"1",0,"2",0,0,0,0,0,0,0,0,"552",0,0,"3",0,"3",0,0,0,0,0,0,0,"2",0,0,0,"1","1",0,0,0,"2",0,0,0,0,0,0,"1","1","1","2","3","1",0,"3",0,"3",0,0,"3",0,0,0,0,0,0,0,0,"2016","11","LC-05",2016-11-01
0,0,"1",0,0,0,0,0,0,0,0,"216",0,0,0,0,"1",0,0,0,0,0,0,0,0,0,0,0,0,0,0,0,0,"1",0,0,0,0,0,"3","4",0,0,"5","4",0,0,"5",0,0,"1",0,0,0,0,0,0,0,0,0,0,"2016","12","LC-01",2016-12-01
"1",0,"4","6",0,0,0,0,0,0,0,"210",0,0,"8",0,0,0,0,0,0,0,0,0,"1","1",0,0,0,0,"15",0,0,"20",0,"4",0,0,0,0,"9",0,"1","20","8",0,0,"7",0,0,0,0,0,0,0,0,0,0,0,0,"2","2016","12","LC-02",2016-12-01
"1",0,0,0,0,0,0,"3",0,0,"1","37",0,0,"5",0,0,0,0,0,"2",0,0,0,"4",0,0,0,0,0,0,0,0,"3",0,0,"1",0,0,0,0,0,0,"23","11","6",0,"18",0,0,0,0,0,0,0,0,0,"2",0,0,0,"2016","12","LC-03",2016-12-01
0,0,"3",0,0,0,0,0,0,0,0,"72",0,0,0,0,"4",0,0,0,"2","2",0,"1","4",0,0,0,0,0,0,0,0,"6",0,0,0,0,0,0,"13",0,"1",0,"2","1","1","11",0,"1",0,0,0,0,0,0,0,"2",0,0,"2","2016","12","LC-04",2016-12-01
0,0,"3",0,0,0,0,0,0,0,"1","126","1",0,"9",0,0,0,0,0,0,0,0,"1","1",0,0,0,0,0,0,0,0,"4",0,0,0,0,0,0,"18",0,0,"2","7","2","1","14",0,"6",0,0,0,0,0,0,0,"2",0,0,"1","2016","12","LC-05",2016-12-01
"6",0,0,0,0,0,0,0,0,0,0,"550",0,0,"5",0,"1",0,0,0,0,0,0,0,0,"3",0,0,0,"3",0,0,0,"11",0,"8",0,0,0,0,"2","1",0,"9","7",0,0,"7",0,"4",0,"1","4",0,0,0,0,"3",0,0,0,"2017","1","LC-01",2017-01-01
"5",0,"1",0,0,0,0,0,0,0,0,"156",0,0,"3",0,0,0,0,0,0,0,0,0,0,"1",0,0,0,"11",0,0,0,"5",0,0,"7",0,0,0,"11","1","2","3","2","96",0,"3",0,"3",0,"3",0,0,0,0,0,0,0,0,0,"2017","1","LC-02",2017-01-01
0,0,"2",0,0,0,0,0,0,0,0,"264",0,"1","2",0,"3",0,0,0,"1",0,0,0,0,0,"1",0,0,"1",0,0,0,"2",0,"7",0,0,0,0,"4","1",0,"12","4",0,0,"6",0,"3",0,"1",0,0,0,0,0,"9",0,0,0,"2017","1","LC-03",2017-01-01
0,0,"1",0,"1",0,0,0,0,0,0,"189","2",0,"3",0,"2",0,0,0,"1",0,0,0,0,0,0,0,0,"1",0,0,0,"3",0,"1",0,0,0,0,0,0,"2",0,"3",0,0,"7",0,0,0,0,"2",0,0,0,0,"3",0,0,0,"2017","1","LC-04",2017-01-01
"2",0,"3",0,0,0,0,0,0,0,0,"177",0,0,"1",0,"5",0,0,0,"2",0,0,0,0,0,0,0,0,"1",0,0,0,"7",0,"2",0,0,0,0,"2","3",0,"6",0,0,0,"9",0,"2",0,0,0,0,0,0,"1",0,0,0,0,"2017","1","LC-05",2017-01-01
0,0,0,0,0,"5",0,"1",0,0,0,"322","1",0,"5",0,0,0,0,0,"2",0,0,0,0,0,0,0,0,"2",0,0,0,0,0,0,"6",0,"5","6",0,0,0,"2","3",0,"2",0,0,"1",0,"2",0,0,0,0,"2",0,0,0,0,"2017","2","LC-01",2017-02-01
0,0,"6",0,0,0,0,"2",0,0,"2","147",0,0,"11",0,0,0,0,0,0,0,0,0,0,0,0,0,"16","3",0,0,0,0,0,"4",0,0,"1",0,"2",0,"2","2","2",0,0,"3",0,0,0,0,"3",0,0,0,"1",0,0,0,0,"2017","2","LC-02",2017-02-01
0,0,"5",0,0,0,0,0,0,0,0,"301","1",0,"1",0,0,0,0,0,0,0,0,0,"1",0,0,0,"5",0,"1",0,0,0,0,"1",0,0,0,0,"1",0,0,0,"3",0,0,"2",0,"1",0,0,0,0,0,0,0,0,0,0,0,"2017","2","LC-03",2017-02-01
0,0,0,0,0,0,0,"3",0,0,0,"235",0,0,0,0,0,0,0,"2","2",0,0,0,0,0,"1",0,"3",0,0,0,0,0,0,0,0,0,0,0,0,0,"2",0,0,0,0,0,0,0,0,0,0,0,0,0,"1",0,0,0,0,"2017","2","LC-04",2017-02-01
"3",0,"2",0,0,0,0,0,0,0,0,"332",0,0,0,0,0,0,0,0,0,0,0,0,"3",0,0,0,0,"3",0,0,0,"10",0,0,0,0,0,0,0,0,0,"4","6",0,0,0,0,0,"2","4",0,0,0,0,0,0,0,0,0,"2017","2","LC-05",2017-02-01
0,0,"7",0,0,0,0,"3",0,0,0,"172",0,0,"22",0,0,0,0,"1",0,0,0,0,0,0,0,0,"2",0,0,0,0,0,0,0,"4",0,0,0,0,0,0,"2","25","1","1",0,0,0,0,"2",0,0,0,0,"1",0,0,"2",0,"2017","3","LC-01",2017-03-01
0,0,"3",0,0,0,0,0,0,0,"2","184",0,0,"2",0,0,0,"3",0,0,0,"2",0,0,0,0,0,0,"1",0,0,0,"6",0,0,0,0,0,"1",0,0,"1",0,"5","2",0,"3",0,0,0,0,0,0,0,0,"1",0,0,0,"3","2017","3","LC-02",2017-03-01
0,0,0,0,"6","4",0,"4",0,0,"3","144",0,0,"2",0,0,0,0,0,0,0,0,0,0,0,0,0,"2",0,0,0,"17",0,0,"4","4",0,0,0,0,0,0,0,"22",0,0,"1",0,0,0,0,0,0,0,0,"2",0,0,"1",0,"2017","3","LC-03",2017-03-01
0,0,"6",0,0,0,0,0,0,0,0,"267",0,0,0,0,"2",0,0,0,0,0,"1",0,0,0,0,0,0,0,0,0,"17",0,0,"10","3",0,0,0,0,0,"2",0,"20",0,0,0,0,0,0,0,0,0,0,0,0,0,0,0,"2","2017","3","LC-04",2017-03-01
"4",0,"7",0,0,0,0,"2",0,0,0,"183",0,0,0,0,0,0,0,0,0,0,"2",0,0,0,0,"2",0,"7",0,0,0,"11",0,0,"4","1","4",0,0,0,0,0,"26","50",0,"12",0,"6",0,0,0,0,0,0,"1",0,0,0,"8","2017","3","LC-05",2017-03-01
"3",0,0,"11","1","5",0,"1",0,0,"1","134",0,0,"2",0,"5",0,0,0,0,0,"2",0,0,"2",0,0,0,0,0,0,"12","9",0,0,"9","1","3",0,"14","1",0,0,0,"5",0,"4","9","20",0,"5",0,0,0,0,"2",0,0,"1",0,"2017","4","LC-01",2017-04-01
"2",0,0,"6",0,"2",0,0,0,0,0,"198",0,0,"2",0,"1",0,0,0,0,"2",0,"1",0,0,0,0,0,"1",0,0,"17","2",0,0,"11",0,"2",0,"15","1",0,"1","2",0,0,"4",0,"9",0,"3",0,0,0,0,0,"1","2","7",0,"2017","4","LC-02",2017-04-01
"3",0,0,"3","1","6",0,0,0,0,"1","201",0,0,0,0,"5",0,0,0,"2",0,"3",0,0,"1",0,0,0,"1",0,0,"1","3",0,0,"8","1","5",0,"18","1",0,"2","5","6",0,"2","12","9",0,"6",0,0,0,0,"1","4","22","6",0,"2017","4","LC-03",2017-04-01
"4",0,"1",0,0,0,0,"2",0,0,"2","187",0,0,0,0,"1",0,0,0,"2",0,"1","1",0,0,0,0,0,0,0,0,"13",0,0,0,"2",0,0,0,"9",0,"1",0,"5",0,0,"8",0,"4",0,0,0,0,0,0,0,0,"1","3",0,"2017","4","LC-04",2017-04-01
"1",0,0,"2","1","3",0,"1",0,0,0,"111",0,0,"4",0,0,0,0,0,0,0,0,0,0,0,0,0,0,0,0,0,"11","6",0,0,"7","1","3","1","8",0,0,0,0,0,0,"1","1","13",0,0,0,0,0,0,"1",0,"12","4",0,"2017","4","LC-05",2017-04-01
0,0,"2","2",0,"6",0,0,"1",0,0,"805","9","3","5",0,0,0,"2",0,0,0,0,0,0,"4",0,0,"2",0,0,"10","2","4",0,0,"13",0,0,0,0,"3",0,0,"13",0,"1","19",0,0,0,0,0,0,0,0,0,"31",0,0,0,"2017","5","LC-01",2017-05-01
0,0,0,0,"3","4",0,0,0,0,0,"300",0,"1","3",0,"1",0,0,0,0,0,0,0,"2","5","3",0,0,0,0,"3",0,"3",0,0,0,0,"6","1","1",0,0,0,"11",0,"2","8",0,0,"2",0,"3",0,0,0,"2","16",0,0,0,"2017","5","LC-02",2017-05-01
"16",0,"3",0,"1","1",0,0,"2",0,0,"436","2",0,0,0,"2",0,0,0,0,0,"1",0,0,0,0,0,"4",0,0,0,0,"3",0,0,"10","4",0,0,0,0,0,"1","8",0,0,"8",0,"5",0,0,0,0,0,0,"1","16",0,0,0,"2017","5","LC-03",2017-05-01
"2",0,"12",0,0,0,0,"2",0,0,"1","280",0,0,"5","11",0,0,0,0,0,0,0,"9","4",0,0,0,0,0,0,0,0,"4",0,0,"3",0,"3",0,0,0,0,0,"5",0,0,"112","48","8","2","1","1",0,0,0,0,0,0,0,0,"2017","5","LC-04",2017-05-01
0,0,"17",0,0,0,0,0,0,0,0,"648","7","2",0,0,0,0,0,0,"1",0,0,0,0,"1","3",0,"6",0,0,0,0,"16",0,0,"16",0,"1","7",0,"3",0,"3","2",0,"3",0,0,0,0,0,0,0,0,0,"1",0,0,0,0,"2017","5","LC-05",2017-05-01
"9",0,"18",0,"3","2",0,0,0,0,0,"880","20",0,"10",0,0,0,0,0,"9",0,0,"1",0,0,"1",0,"11","2",0,"13",0,"11",0,0,0,0,"26","10",0,"6",0,"3","11",0,"6","92",0,"5",0,0,0,0,0,0,0,"14",0,"2",0,"2017","6","LC-01",2017-06-01
"5",0,0,0,"3",0,0,0,0,0,0,"799","9",0,"2",0,"1",0,0,0,0,0,0,"2",0,0,"1",0,"6",0,0,"11",0,"8",0,0,"2",0,"12","9",0,"5",0,"5","9",0,"4","33",0,"3",0,0,0,0,0,0,"1","2",0,0,0,"2017","6","LC-02",2017-06-01
"10",0,0,0,0,"2",0,0,"1",0,0,"777","16",0,"22",0,0,0,0,0,"6",0,0,0,"2",0,0,0,"8","1",0,"6",0,"20",0,0,"9",0,"11","13",0,"2",0,"1","8",0,"9","39",0,"5",0,0,0,0,0,0,"2","11",0,0,0,"2017","6","LC-03",2017-06-01
0,0,"1","12",0,0,0,0,0,0,0,"576","12",0,"7",0,0,0,0,0,0,0,0,0,0,"3",0,0,0,"8",0,0,"1","6",0,"1",0,0,0,0,"1",0,"1",0,"14",0,"7","9",0,"1",0,0,"2",0,0,0,0,"4",0,0,0,"2017","6","LC-04",2017-06-01
0,0,"6","8",0,0,0,0,0,0,0,"536","30",0,"8",0,"2",0,0,0,0,0,0,0,"3","2",0,0,0,"7",0,0,0,"13",0,"3",0,0,0,0,0,0,0,0,"12",0,0,"24",0,0,0,"3","6",0,0,0,"1","4",0,0,0,"2017","6","LC-05",2017-06-01
"8",0,"6",0,0,0,0,0,0,0,0,"1295","6",0,0,0,0,0,0,0,"1",0,0,0,0,0,"3",0,"19",0,0,0,0,"6",0,0,"26",0,"13","4",0,"4",0,0,"9",0,"1","11",0,0,0,0,0,0,0,0,"1","5",0,0,0,"2017","7","LC-01",2017-07-01
0,0,0,0,0,"2",0,0,0,0,0,"697","13",0,0,0,0,0,0,0,0,0,0,0,"1",0,"2",0,"7",0,0,0,0,"8",0,0,0,"7","34",0,0,0,0,0,"12",0,0,"25",0,0,0,0,0,0,0,0,"2","3",0,0,0,"2017","7","LC-02",2017-07-01
"4",0,"3",0,0,0,0,0,"1",0,0,"945","8",0,0,0,0,0,0,0,"1",0,0,0,0,"1",0,0,0,0,0,0,0,0,0,0,"2",0,"12",0,0,"3","1",0,"14",0,"4","13",0,0,0,0,0,0,0,0,"1","1",0,0,0,"2017","7","LC-03",2017-07-01
"1",0,"2",0,"1","1",0,0,0,0,0,"876","6",0,0,0,0,0,0,0,0,0,0,0,"1",0,"2",0,"5",0,0,0,0,"6",0,0,"1",0,"23","2",0,"1",0,0,"11",0,"1","9",0,0,0,0,0,0,0,0,"1",0,0,"1",0,"2017","7","LC-04",2017-07-01
0,0,"1",0,0,0,0,0,"3",0,0,"781","5",0,0,0,0,0,0,0,"1",0,0,0,0,0,0,0,"1",0,0,0,0,"4",0,0,0,0,"6",0,0,"2",0,0,0,0,0,"12",0,0,0,0,0,0,0,0,"2","1",0,0,0,"2017","7","LC-05",2017-07-01
"6",0,"4",0,"1",0,0,"1",0,0,0,"435","6",0,0,0,0,0,"1",0,"1",0,0,"3",0,0,0,"1",0,"1",0,0,0,"4",0,0,0,0,"2",0,0,"1",0,0,"8",0,0,"5",0,"1",0,0,0,0,0,0,"1","2",0,0,0,"2017","8","LC-01",2017-08-01
0,0,0,0,0,0,0,0,0,0,0,"222","6",0,"4",0,"2",0,"1",0,"1",0,0,"3",0,0,0,"2",0,0,0,0,0,"5",0,0,"1",0,"1","2",0,0,0,0,"11","1",0,"2",0,"1",0,"1",0,0,0,0,0,0,0,0,0,"2017","8","LC-02",2017-08-01
"2",0,0,0,"1",0,0,"1","4",0,0,"331","9",0,"6",0,"2",0,0,"1",0,0,0,"2",0,0,0,0,0,"1",0,0,0,"2",0,"1",0,0,0,0,0,"2",0,"1","7","1",0,"9",0,0,0,0,0,0,0,0,"3",0,0,"2",0,"2017","8","LC-03",2017-08-01
"1",0,"2",0,0,0,0,"3","9",0,0,"480","7",0,"7",0,"4",0,0,0,"2",0,0,"4",0,0,0,"2",0,"2",0,0,0,"6",0,0,"3",0,0,0,0,0,"1",0,"9",0,0,"11",0,"3",0,0,0,0,0,0,0,"1",0,"2",0,"2017","8","LC-04",2017-08-01
"1",0,"3",0,0,0,0,"2","2",0,0,"347","6",0,"4",0,"1",0,"2",0,"2",0,0,"1",0,0,0,0,0,0,0,0,0,"7",0,"2","2",0,"2","2",0,"1",0,"3","4","1",0,"6",0,"2",0,"1",0,0,0,0,"1","1",0,0,0,"2017","8","LC-05",2017-08-01
"1",0,0,"3",0,0,0,"1",0,0,0,"86",0,0,"7",0,"2",0,0,0,"1",0,0,"2",0,0,0,0,0,"4",0,0,0,"3",0,"14",0,0,0,"24",0,"1",0,"4",0,0,0,"19",0,"6",0,"2","3",0,0,0,0,0,0,0,0,"2017","9","LC-01",2017-09-01
"2",0,"2",0,"1","1",0,0,"1",0,0,"108","1",0,"7",0,"1",0,0,0,0,0,0,0,0,0,0,"1",0,0,0,0,0,"2",0,"4",0,0,0,0,"1","1","1","2",0,0,0,"4",0,"2",0,0,0,"2",0,0,0,0,0,0,0,"2017","9","LC-02",2017-09-01
"3",0,"1","4",0,0,0,0,0,0,"2","92",0,0,"12",0,0,0,0,"1","2","1",0,"4","2","4","9",0,"3","11","21",0,0,"11",0,"16","6",0,"5","11","6",0,0,"2","4",0,0,"22",0,"12",0,"6","2","1",0,0,"6",0,0,0,"3","2017","9","LC-03",2017-09-01
0,0,0,"1",0,"1",0,0,"1",0,0,"54","3",0,"7",0,0,0,0,0,0,0,0,"7",0,"1",0,0,"2","1","4",0,0,"9",0,"4","7",0,"4","17","3","4",0,"2",0,0,0,"6",0,"5","1","2","6",0,0,0,0,"1",0,0,0,"2017","9","LC-04",2017-09-01
"1",0,"4",0,0,0,0,"1",0,0,0,"176",0,0,"1",0,"1",0,0,0,0,0,0,0,0,"2",0,0,"4",0,"8",0,0,"7",0,"9",0,0,0,0,"4","4",0,0,0,0,0,"22",0,"2",0,0,0,0,0,0,0,0,0,0,0,"2017","9","LC-05",2017-09-01
0,0,"4","8","6",0,0,"1",0,0,0,"133","2",0,"14",0,"1",0,0,"1","2",0,0,"1",0,0,0,0,"4","6","2",0,0,"31",0,"17","4",0,0,"12","11","12",0,"2","6",0,0,"11",0,"1",0,"5","6",0,0,0,0,0,0,0,"1","2017","10","LC-01",2017-10-01
0,0,0,0,0,0,0,"3","2",0,0,"188","1",0,"11",0,0,0,0,0,0,0,0,0,0,0,0,0,"2","3",0,0,0,0,0,0,"1",0,0,"15","7",0,0,0,0,"1",0,"2",0,0,0,0,0,"3",0,0,0,0,0,0,0,"2017","10","LC-02",2017-10-01
0,0,"9",0,"4",0,0,0,0,0,0,"167",0,0,"13",0,"2",0,0,0,0,"6",0,"9","1","1","1",0,"4","4",0,0,0,"7",0,"3","1",0,0,"29","23","6",0,"4","8",0,0,"7",0,"2",0,"6","4","3",0,0,"4",0,0,"3","1","2017","10","LC-03",2017-10-01
0,0,"3",0,"5",0,0,"2",0,0,0,"213",0,0,"14",0,"1",0,0,0,"2",0,0,"2","1",0,0,0,0,"2",0,0,0,"4",0,"4",0,0,0,"32","12","2","1",0,"2",0,0,"6",0,"1",0,"2","6","4",0,0,0,0,0,0,0,"2017","10","LC-04",2017-10-01
0,0,0,"3",0,0,0,0,"2",0,"2","125","1",0,"12",0,0,0,0,0,"1","1",0,"1",0,0,0,0,0,"2",0,0,0,"8",0,"5",0,0,"1","18","6","4",0,0,"2","1",0,"11",0,"2","3",0,"2",0,0,0,0,0,0,"4",0,"2017","10","LC-05",2017-10-01
0,0,"2",0,0,0,0,0,0,0,0,"140","1",0,"8",0,"2",0,0,0,"2",0,0,"2",0,"1","1",0,"1","1",0,0,0,"6",0,"3","2",0,0,0,"6",0,0,"1","10","1",0,"7",0,"1",0,"1",0,0,0,0,0,"1",0,0,0,"2017","11","LC-01",2017-11-01
0,0,0,"2",0,0,0,"1",0,0,0,"178","2",0,"6",0,0,0,0,0,0,0,0,"2",0,0,0,0,0,0,0,0,0,"2",0,"14","1",0,0,"1","5","1","1","1",0,"2",0,"6",0,0,0,0,0,0,0,0,"1",0,0,"2","3","2017","11","LC-02",2017-11-01
"2",0,"4","7",0,0,0,0,"2",0,0,"112",0,0,"9",0,0,0,0,"3","1",0,0,0,0,0,0,0,0,"3","5",0,0,"5",0,"5",0,0,0,0,"11","2","1",0,0,"3",0,"9",0,"1",0,0,0,0,0,0,"2","2",0,0,0,"2017","11","LC-03",2017-11-01
0,0,0,"4",0,0,0,"2",0,0,0,"125",0,0,"5",0,"2",0,0,0,0,"1",0,0,0,0,0,0,"2",0,0,0,0,"1",0,"1","2",0,0,0,"3","2",0,0,"5",0,0,"4",0,0,0,"1",0,0,0,0,0,0,0,"1",0,"2017","11","LC-04",2017-11-01
"1",0,"2",0,0,0,0,0,"1",0,0,"165","1",0,"8",0,"1",0,0,0,"1",0,0,"1","2",0,0,0,"1","1",0,0,0,"2",0,0,0,0,0,0,"1","1",0,"2","3","2",0,"3",0,"3",0,0,"3",0,0,0,"1",0,0,0,0,"2017","11","LC-05",2017-11-01
0,0,"1",0,0,0,0,"2",0,0,0,"177",0,0,"12",0,"1",0,0,0,"1",0,0,0,0,0,"1",0,0,0,"1",0,0,0,0,0,0,0,0,"3","2",0,0,"1","1","2",0,"5",0,"1","1",0,0,0,0,0,0,"1",0,0,0,"2017","12","LC-01",2017-12-01
"1",0,"4","6",0,0,0,"1","1",0,0,"198","1",0,"7",0,"2",0,0,0,0,0,0,"2","2","2",0,0,0,0,"3",0,0,"5",0,"4",0,0,0,0,"4",0,"1","4","4",0,0,"7",0,0,0,0,0,0,0,0,0,0,0,"1","1","2017","12","LC-02",2017-12-01
"1",0,0,0,0,0,0,"3",0,0,"1","136",0,0,"5",0,0,0,0,0,0,0,0,0,"1",0,"2",0,"1",0,0,0,0,"3",0,0,"1",0,0,0,0,0,0,"3","4","1",0,"18",0,"1",0,0,0,0,0,0,0,"3",0,0,0,"2017","12","LC-03",2017-12-01
0,0,"3",0,0,0,0,0,0,0,0,"173","3",0,"2",0,"2",0,0,0,"1","1",0,"1",0,0,0,0,0,0,"1",0,0,"3",0,0,0,0,0,0,"4",0,0,0,"2","1","1","11",0,"1",0,0,0,0,0,0,0,"1",0,"1",0,"2017","12","LC-04",2017-12-01
0,0,"3",0,0,0,0,"1","1",0,"1","187","2",0,"6",0,0,0,0,0,"2",0,0,"1","2","1",0,0,0,0,0,0,0,"2",0,0,0,0,0,0,"12",0,"1","1","1","2","1","14",0,"6",0,0,0,0,0,0,0,0,0,0,"2","2017","12","LC-05",2017-12-01
0,0,"7",0,0,0,0,0,0,0,0,"32",0,0,"14",0,0,0,0,0,0,0,0,0,"2",0,0,0,0,"3","6",0,0,"5",0,"4","1","11",0,0,"11",0,0,0,"16",0,"2","17",0,"2","4",0,"1",0,0,0,"2",0,0,0,0,"2018","1","LC-01",2018-01-01
0,0,"4","2","4",0,0,0,0,0,"1","36",0,0,"6",0,0,0,0,0,0,0,0,0,"3","3",0,0,0,"4","10",0,0,"6",0,"3","1","11",0,0,"1",0,0,0,"8",0,"1","6",0,"3","1",0,"1",0,0,0,0,0,0,0,0,"2018","1","LC-02",2018-01-01
0,0,"5",0,"9","4",0,0,0,0,"2","46",0,0,"27",0,0,0,0,0,0,0,0,0,"4","2",0,0,0,"4","9",0,0,"4",0,0,0,"17",0,0,"3",0,"2",0,"13",0,"4","7",0,0,"1",0,"1",0,"2",0,"1","2",0,0,0,"2018","1","LC-03",2018-01-01
0,0,"1",0,"1",0,0,0,0,0,0,"89","2",0,"3",0,"2",0,0,0,"1",0,0,0,0,0,0,0,0,"1",0,0,0,"3",0,"1",0,0,0,0,0,0,"2",0,"3",0,0,"7",0,0,0,0,"2",0,0,0,"2","3",0,0,0,"2018","1","LC-04",2018-01-01
"2",0,"7",0,0,"4",0,0,0,0,"2","45",0,0,"20",0,0,0,0,0,0,0,0,0,"4","3",0,0,0,"5",0,0,0,"4",0,"2",0,"23","3",0,"11",0,"1","1","28",0,"3","6",0,"4","3","2","3",0,"1",0,0,"2",0,0,0,"2018","1","LC-05",2018-01-01
"2",0,"1",0,0,0,0,0,0,0,0,"37",0,0,"4",0,0,0,0,0,0,0,0,0,"2",0,0,0,0,"1","10",0,0,"1",0,"1",0,"5","2",0,"1",0,0,"1",0,0,0,"4",0,0,0,0,"1",0,0,0,0,0,0,0,0,"2018","2","LC-01",2018-02-01
"4",0,"4",0,0,0,0,0,0,0,"1","26",0,0,"4",0,0,0,0,0,0,0,0,0,"2","1",0,0,0,"2","7",0,0,"2",0,0,0,0,"13",0,"5",0,0,"2",0,0,"1",0,0,"5","1","2","5",0,0,0,"2","2",0,0,0,"2018","2","LC-02",2018-02-01
0,0,"2",0,0,0,0,0,0,0,0,"47",0,0,"3",0,0,0,0,0,0,0,0,0,0,"1",0,0,0,"7","5",0,0,"22",0,"1",0,"16",0,0,"9",0,0,0,"5",0,0,"6",0,0,0,0,"6",0,0,0,"1","2",0,0,0,"2018","2","LC-03",2018-02-01
0,0,"4",0,0,0,0,0,0,0,0,"46",0,0,"5",0,0,0,0,0,"1",0,0,0,"1","3",0,0,0,"5",0,0,0,0,0,0,0,"5",0,0,"4",0,0,0,"7",0,"3","10",0,"6","1","3","3",0,"1",0,0,"1",0,0,0,"2018","2","LC-04",2018-02-01
0,0,"2",0,0,0,0,0,0,0,"2","55",0,0,"4",0,0,0,0,0,0,0,0,0,"1",0,0,0,0,"1",0,0,0,"4",0,"2",0,0,0,0,"6",0,0,0,"6",0,"3","4",0,"5",0,0,"6",0,"1",0,"2",0,0,0,0,"2018","2","LC-05",2018-02-01
0,0,"10",0,0,0,0,0,0,0,"3","576",0,0,"9",0,"4",0,0,0,0,0,0,0,"4","6",0,0,0,"4","2",0,0,"6",0,0,0,"21",0,0,"7","3",0,"3",0,"1",0,"11",0,0,0,"1",0,0,0,0,0,"5",0,0,0,"2018","3","LC-01",2018-03-01
0,0,"4",0,0,0,0,0,0,0,"8","704",0,0,"4",0,"8","8",0,0,"3",0,0,"3","6",0,0,0,0,0,0,0,0,"9",0,"2",0,"28","2",0,"1",0,0,"4",0,0,0,"23",0,"7",0,"4",0,0,0,0,"2","3",0,0,0,"2018","3","LC-02",2018-03-01
"3",0,"6",0,0,0,0,0,0,0,"4","768",0,0,"4",0,"1",0,0,0,0,0,0,"3",0,0,0,0,0,0,"8",0,0,0,0,"3",0,"14",0,0,"8",0,0,"2",0,0,"2","7",0,"3",0,"3",0,0,0,0,0,"1",0,0,"3","2018","3","LC-03",2018-03-01
0,0,"4",0,0,0,0,0,0,0,0,"656",0,0,"3",0,0,0,0,0,0,0,0,"4","3",0,0,0,0,"4","4",0,0,"3",0,"3",0,"19",0,0,"3",0,0,"1","10",0,0,"8",0,"2",0,"1",0,0,0,0,"2",0,0,0,0,"2018","3","LC-04",2018-03-01
"4",0,"3",0,0,0,0,0,0,0,"2","864",0,0,"16",0,"2",0,0,0,0,0,0,"4","8",0,0,0,0,0,"5",0,0,"4",0,0,0,"66",0,0,"3",0,0,"1","28",0,"3","31",0,"7",0,"6",0,0,0,0,0,"2",0,0,0,"2018","3","LC-05",2018-03-01
"3",0,0,"11","1","5",0,"1",0,0,"1","134",0,0,"2",0,"5",0,0,0,0,0,"2",0,0,"2",0,0,0,0,0,0,"12","9",0,0,"9","1","3",0,"14","1",0,0,0,"5",0,"4","9","20",0,"5",0,0,0,0,0,0,0,"1",0,"2018","4","LC-01",2018-04-01
"2",0,0,"6",0,"2",0,0,0,0,0,"198",0,0,"2",0,"1",0,0,0,0,"2",0,"1",0,0,0,0,0,"1",0,0,"17","2",0,0,"11",0,"2",0,"15","1",0,"1","2",0,0,"4",0,"9",0,"3",0,0,0,0,0,"1","2","7",0,"2018","4","LC-02",2018-04-01
"3",0,0,"3","1","6",0,0,0,0,"1","201",0,0,0,0,"5",0,0,0,"2",0,"3",0,0,"1",0,0,0,"1",0,0,"1","3",0,0,"8","1","5",0,"18","1",0,"2","5","6",0,"2","12","9",0,"6",0,0,0,0,0,"4","22","6",0,"2018","4","LC-03",2018-04-01
"4",0,"1",0,0,0,0,"2",0,0,"2","187",0,0,0,0,"1",0,0,0,"2",0,"1","1",0,0,0,0,0,0,0,0,"13",0,0,0,"2",0,0,0,"9",0,0,0,"5",0,0,"8",0,"4",0,0,0,0,0,0,0,0,"1","3",0,"2018","4","LC-04",2018-04-01
"1",0,0,"2","1","3",0,"1",0,0,0,"111",0,0,"4",0,0,0,0,0,0,0,0,0,0,0,0,0,0,0,0,0,"11","6",0,0,"7","1","3","1","8",0,0,0,0,0,0,"1","1","13",0,0,0,0,0,0,0,0,"12","4",0,"2018","4","LC-05",2018-04-01
0,0,"2","2",0,"6",0,0,"1",0,0,"805","9","3","5",0,0,0,"2",0,0,0,0,0,0,"4",0,0,"2",0,0,"10","2","4",0,0,"13",0,0,0,0,"3",0,0,"13",0,"1","19",0,0,0,0,0,0,0,0,0,"31",0,0,0,"2018","5","LC-01",2018-05-01
0,0,0,0,"3","4",0,0,0,0,0,"300",0,"1","3",0,"1",0,0,0,0,0,0,0,"2","5","3",0,0,0,0,"3",0,"3",0,0,0,0,"6","1","1",0,0,0,"11",0,"2","8",0,0,"2",0,"3",0,0,0,0,"16",0,0,0,"2018","5","LC-02",2018-05-01
"16",0,"3",0,"1","1",0,0,"2",0,0,"436","2",0,0,0,"2",0,0,0,0,0,"1",0,0,0,0,0,"4",0,0,0,0,"3",0,0,"10","4",0,0,0,0,0,"1","8",0,0,"8",0,"5",0,0,0,0,0,0,0,"16",0,0,0,"2018","5","LC-03",2018-05-01
"2",0,"12",0,0,0,0,"2",0,0,"1","280",0,0,"5","11",0,0,0,0,0,0,0,"9","4",0,0,0,0,0,0,0,0,"4",0,0,"3",0,"3",0,0,0,0,0,"5",0,0,"112","48","8","2","1","1",0,0,0,0,0,0,0,0,"2018","5","LC-04",2018-05-01
0,0,"17",0,0,0,0,0,0,0,0,"648","7","2",0,0,0,0,0,0,"1",0,0,0,0,"1","3",0,"6",0,0,0,0,"16",0,0,"16",0,"1","7",0,"3",0,"3","2",0,"3",0,0,0,0,0,0,0,0,0,0,0,0,0,0,"2018","5","LC-05",2018-05-01
0,0,"6",0,0,0,0,0,0,0,0,"640",0,0,"4",0,0,"4",0,0,0,0,0,0,"1",0,0,0,0,"2","19",0,0,"4",0,0,0,"46",0,0,"6",0,0,0,"23",0,"3","8",0,0,0,"1",0,0,0,0,0,"1",0,0,0,"2018","6","LC-01",2018-06-01
0,0,"3",0,0,0,0,0,0,0,"3","304","2",0,"4",0,0,0,0,0,0,0,0,0,"1",0,0,0,0,"3","5",0,0,"2",0,0,0,"6",0,0,"3",0,0,0,"4",0,0,"4",0,0,0,0,0,0,0,0,0,0,0,0,0,"2018","6","LC-02",2018-06-01
0,"3","3",0,0,0,0,"2",0,0,0,"792",0,0,"5",0,0,"4",0,0,0,0,0,0,"1","5",0,0,"1","11","25",0,0,"4",0,0,0,0,0,0,"13",0,0,0,"2",0,0,"11",0,"2",0,0,"7",0,0,0,0,"1",0,0,0,"2018","6","LC-03",2018-06-01
0,"4",0,0,0,0,0,0,0,0,0,"458",0,0,"6",0,0,0,0,0,0,0,0,"5",0,"3",0,0,0,"2","29",0,0,"3",0,"6",0,"3","5",0,0,0,0,0,"13",0,0,0,0,0,0,"3",0,0,0,0,0,"3",0,0,0,"2018","6","LC-04",2018-06-01
0,"5",0,0,0,0,0,0,0,0,0,"640",0,"3",0,0,"1",0,0,0,0,0,0,"3",0,"3",0,0,"1","3","4",0,0,"2",0,"6",0,"3","5",0,0,0,0,0,"13",0,0,0,0,0,0,0,"2",0,0,0,0,0,0,0,0,"2018","6","LC-05",2018-06-01
0,"4",0,0,0,0,0,0,0,0,"2","444",0,0,"3",0,0,0,0,0,0,0,0,"1",0,0,0,0,0,0,"5",0,0,"1",0,0,0,"6",0,0,"3",0,0,"3","2",0,0,"6",0,"1",0,0,0,0,0,0,0,0,0,0,0,"2018","7","LC-01",2018-07-01
0,"2",0,0,0,0,0,0,0,0,0,"320",0,0,"1",0,0,0,0,0,0,0,0,0,0,0,0,0,0,"1","36",0,0,"4",0,0,0,"34",0,0,0,0,0,"3",0,0,0,"4",0,"4",0,"3","2",0,0,0,0,0,0,0,"4","2018","7","LC-02",2018-07-01
"4",0,"3",0,0,0,0,0,"1",0,0,"945","8",0,0,0,0,0,0,0,"1",0,0,0,0,"1",0,0,0,0,0,0,0,0,0,0,"2",0,"12",0,0,"3","1",0,"14",0,"4","13",0,0,0,0,0,0,0,0,0,"1",0,0,0,"2018","7","LC-03",2018-07-01
"1",0,"2",0,"1","1",0,0,0,0,0,"876","6",0,0,0,0,0,0,0,0,0,0,0,"1",0,"2",0,"5",0,0,0,0,"6",0,0,"1",0,"23","2",0,"1",0,0,"11",0,"1","9",0,0,0,0,0,0,0,0,0,0,0,"1",0,"2018","7","LC-04",2018-07-01
"7",0,0,0,0,0,0,0,0,0,0,"320",0,0,"3",0,0,0,0,0,0,0,0,"1",0,0,0,0,0,0,"5",0,0,"3",0,0,0,"2",0,0,"1",0,0,0,"3",0,0,"10",0,0,0,0,0,0,0,0,0,0,0,0,"4","2018","7","LC-05",2018-07-01
"10",0,0,0,0,0,0,0,0,0,0,0,0,0,"3",0,0,0,0,0,"1",0,0,"3",0,0,0,0,0,"7",0,0,0,"9",0,0,0,0,0,0,"4",0,0,0,0,0,0,"3",0,"6",0,0,"1",0,0,0,0,0,0,0,0,"2018","8","LC-01",2018-08-01
"84",0,0,0,0,0,0,0,0,0,0,"1","27",0,"640",0,"6",0,0,0,0,0,0,0,"8","2",0,0,"6",0,0,0,0,"5","26",0,0,"8",0,0,"5","3",0,"3","4",0,0,"12",0,"5",0,0,0,0,0,0,"3",0,0,0,"3","2018","8","LC-02",2018-08-01
"44",0,0,0,0,0,0,0,0,0,0,"146",0,0,"366",0,0,0,0,0,0,0,0,0,0,0,0,0,0,0,0,0,0,"124","16","14",0,0,0,0,"16",0,0,0,"38",0,0,"20",0,"5",0,0,0,0,0,0,0,"4",0,0,0,"2018","8","LC-03",2018-08-01
"13",0,"4",0,0,0,0,0,0,0,"3","172",0,0,"12",0,0,0,0,0,0,0,0,"1",0,0,0,0,0,"4","2",0,0,"5",0,0,0,"6",0,0,"3",0,0,"2","4",0,"1","17",0,"7",0,"1","1",0,0,0,0,"3",0,0,"1","2018","8","LC-04",2018-08-01
"3",0,"1",0,0,0,0,0,0,0,"46","360",0,0,0,0,0,0,0,0,0,0,0,"4",0,0,0,0,0,"1","2",0,0,"5",0,"7",0,"3",0,0,"52",0,0,"1","10",0,"1","4",0,"5",0,"3",0,0,"1",0,0,"1",0,0,0,"2018","8","LC-05",2018-08-01
"4",0,"4",0,0,0,0,0,0,0,"3","541",0,0,"3",0,0,0,0,0,"1",0,0,"6",0,0,0,0,"4","7",0,0,0,"7",0,"6",0,"52","1",0,"23",0,0,0,0,0,0,"7",0,"6",0,0,"7",0,0,0,0,"2",0,0,0,"2018","9","LC-01",2018-09-01
"4",0,"4",0,0,0,0,0,0,0,"1","396",0,0,"15",0,"1",0,0,0,0,0,0,"2","2",0,"2",0,"6","4",0,0,0,"4",0,"2",0,"5",0,0,0,"3",0,"3","4",0,0,"5",0,"3","4",0,"2",0,0,0,0,0,0,0,"3","2018","9","LC-02",2018-09-01
0,0,0,0,0,0,0,0,0,0,"1","132",0,0,"21","4","1",0,0,0,0,0,0,0,"4",0,0,0,"3",0,0,0,0,0,0,0,0,0,0,0,"12",0,0,"1","3",0,0,"3",0,"4",0,0,"5",0,0,0,0,0,0,0,0,"2018","9","LC-03",2018-09-01
"1",0,0,0,0,0,0,0,0,0,"1","129",0,0,"1",0,"2",0,0,0,0,0,0,"5",0,0,0,0,0,"2",0,0,0,"4",0,0,0,"16",0,0,"16","1",0,0,0,0,0,"12",0,"4",0,"1","14",0,0,0,"3",0,0,0,0,"2018","9","LC-04",2018-09-01
"1",0,"14",0,0,0,0,0,0,0,0,"392",0,0,"21",0,0,0,0,0,0,0,0,"5","2",0,0,0,0,"2",0,0,0,0,0,0,0,0,0,0,"20","4",0,0,"28",0,0,"9",0,"2",0,0,"2",0,0,0,"1",0,0,0,0,"2018","9","LC-05",2018-09-01
0,0,"15",0,0,0,0,0,0,0,0,"320",0,0,"4",0,0,0,0,0,0,0,0,"4","4",0,0,0,0,0,0,0,0,"3",0,"1",0,"42",0,0,0,0,0,0,0,0,0,"9",0,"4",0,0,"2",0,0,0,"1",0,0,0,0,"2018","10","LC-01",2018-10-01
0,0,0,"12",0,0,0,0,0,0,0,"321",0,0,"39",0,0,0,0,0,0,0,"2","10",0,0,0,0,0,"1",0,0,0,"2",0,0,0,"51",0,0,"12","3",0,"3","48",0,0,"33",0,0,0,0,0,0,0,0,"1",0,0,0,0,"2018","10","LC-02",2018-10-01
"17",0,"26",0,"1",0,0,0,0,0,0,"619",0,0,"9",0,0,0,0,"3",0,0,0,"13",0,0,0,0,0,"11",0,0,0,"3",0,0,0,0,0,0,"5",0,0,"3","129",0,"4","42",0,0,0,"4","6","1",0,0,"3",0,0,0,0,"2018","10","LC-03",2018-10-01
0,0,"2",0,0,0,0,0,0,0,0,"141",0,0,"6",0,"3",0,0,0,0,0,0,"6","5",0,0,0,0,0,0,0,0,0,0,0,0,"45",0,0,"4","4",0,0,"39",0,0,"20",0,"1",0,0,0,0,0,0,0,0,0,0,0,"2018","10","LC-04",2018-10-01
0,0,"3",0,0,0,0,0,0,0,"3","460",0,0,"4",0,0,0,0,0,0,0,0,0,0,0,0,0,0,0,0,0,0,"3",0,0,0,"42",0,0,"5","2",0,0,"64",0,0,"20",0,"7",0,0,"6",0,0,0,"3","6",0,0,0,"2018","10","LC-05",2018-10-01
0,0,"12",0,0,0,0,0,0,0,"5","576",0,0,"27",0,0,0,0,0,0,0,0,"7",0,0,0,0,0,0,0,0,0,"4",0,0,0,0,0,0,"27",0,0,0,0,0,0,"23",0,"5",0,"2","3",0,"1",0,"3",0,0,0,0,"2018","11","LC-01",2018-11-01
"4",0,0,"12",0,0,0,0,0,0,"4","320",0,0,"72",0,0,0,0,0,0,0,0,"9",0,0,0,0,"2",0,0,0,0,"9",0,0,0,0,0,0,"54",0,0,"1","64",0,0,"8",0,"3",0,0,"1","4","1",0,"5",0,0,0,0,"2018","11","LC-02",2018-11-01
0,0,0,0,0,0,0,0,0,0,"4","642",0,0,"45",0,0,0,0,0,0,0,0,"12",0,0,0,0,0,0,0,0,0,"2",0,0,0,"120",0,0,"32",0,0,0,"39",0,0,"19",0,"4",0,"1","2",0,0,0,"2","3",0,0,0,"2018","11","LC-03",2018-11-01
0,0,"13",0,0,0,"1",0,0,0,"2","310",0,0,"64",0,0,0,0,0,0,0,0,0,0,0,0,0,0,0,0,0,0,"4",0,"1",0,"131",0,0,"31",0,0,0,"92",0,0,"28",0,"2",0,0,"1",0,"1",0,0,"2",0,0,0,"2018","11","LC-04",2018-11-01
0,0,"16",0,0,0,0,0,0,0,"4","598",0,0,"23",0,0,0,0,0,0,0,0,"12",0,0,0,0,0,0,0,0,0,"2",0,0,0,"113",0,0,0,0,0,0,"89",0,0,"21",0,"1",0,0,"1",0,0,0,"2",0,0,0,0,"2018","11","LC-05",2018-11-01
0,0,0,0,0,0,0,0,0,0,0,"710",0,0,"62",0,0,0,0,0,0,0,0,"5",0,0,0,0,0,"3",0,0,0,"4",0,0,0,0,0,0,"16",0,0,0,"47",0,0,"33",0,"2","4",0,"4",0,0,0,"4",0,0,0,"1","2018","12","LC-01",2018-12-01
"3",0,0,0,0,0,0,0,0,0,0,"384",0,0,"23",0,0,0,0,0,0,0,0,"6","2",0,0,0,0,"7",0,0,0,0,0,0,0,"12",0,0,"27",0,0,"3","71",0,0,"29",0,0,0,"2","2",0,0,0,"5","3",0,0,0,"2018","12","LC-02",2018-12-01
"1",0,"5",0,0,0,0,0,0,0,0,"717",0,0,"18",0,0,0,0,0,0,0,0,0,"1",0,0,0,0,0,0,0,0,"4",0,"1",0,"62",0,0,"16",0,0,0,"28",0,0,"39",0,"4","3",0,"2",0,0,0,"1",0,0,0,0,"2018","12","LC-03",2018-12-01
"3",0,"31",0,0,0,0,0,0,0,0,"964",0,0,"16",0,0,0,0,0,0,0,0,"5",0,0,0,0,0,"6",0,0,0,"7",0,0,0,"66",0,0,"28",0,0,0,"55",0,0,"39",0,"1",0,0,"1",0,0,0,"4",0,0,0,0,"2018","12","LC-04",2018-12-01
0,0,0,0,0,0,0,0,0,0,"2","985",0,0,0,0,0,0,0,0,0,0,0,"8",0,0,0,0,0,"6",0,0,0,"3",0,"2",0,0,0,0,0,0,0,0,0,0,"2","113",0,"3",0,"2",0,0,0,0,"3",0,0,0,0,"2018","12","LC-05",2018-12-01
"3",0,"6",0,0,0,0,0,0,0,0,"321",0,0,"12",0,0,0,0,0,0,0,0,"11",0,0,0,0,0,"3",0,0,0,"4",0,0,0,"63",0,0,"18",0,0,0,0,0,"3","21",0,"2","2","2",0,0,0,0,"4","2",0,0,0,"2019","1","LC-01",2019-01-01
"1",0,0,"7",0,0,0,"3",0,0,0,0,"129",0,0,0,"2",0,0,0,0,0,0,0,"3",0,0,0,"2","4",0,0,0,"2",0,0,0,0,0,0,"16",0,0,"1","12",0,0,"2",0,"1",0,"2","3",0,0,0,"3",0,0,0,0,"2019","1","LC-02",2019-01-01
"1",0,"4",0,0,0,0,0,0,0,"2","297",0,0,0,0,0,0,0,0,0,0,0,"4","2",0,0,0,0,"3",0,0,0,"7",0,0,0,"22",0,0,"27",0,0,0,0,0,0,"19",0,"5",0,"2","5","3",0,0,"4","3",0,0,0,"2019","1","LC-03",2019-01-01
0,0,"1",0,0,0,0,0,0,0,0,"333",0,0,"13",0,0,0,0,0,0,0,0,"14","2",0,0,0,0,"17",0,0,0,"1",0,0,0,0,0,0,"16",0,0,0,"19",0,0,"14",0,"2",0,"2",0,0,0,0,"4","1",0,0,0,"2019","1","LC-04",2019-01-01
0,0,"4",0,"13",0,0,0,0,0,"1","220",0,0,0,"1",0,0,0,0,0,0,0,0,0,0,0,0,0,"7",0,0,0,"7",0,0,0,0,0,0,"48",0,0,"2","39",0,"34","19",0,"3",0,"2",0,0,0,0,"2",0,0,0,0,"2019","1","LC-05",2019-01-01
"1",0,"4",0,0,0,0,0,0,0,0,"529",0,0,"12",0,0,"1",0,0,0,0,0,"1",0,0,0,0,0,"3",0,0,0,"5",0,0,0,"7",0,0,"40",0,0,"6","21",0,"1","6",0,"8","1","1","3",0,0,0,"5","1",0,0,0,"2019","2","LC-01",2019-02-01
"1",0,"3",0,0,0,0,0,0,0,0,"229",0,0,"13",0,0,"1",0,0,0,0,0,"5","2",0,0,0,0,"4",0,0,0,"2",0,0,0,"11",0,0,"27",0,0,"3","71",0,0,"29",0,0,0,"2","2",0,0,0,"5","3",0,0,0,"2019","2","LC-02",2019-02-01
"3",0,0,0,"10",0,0,0,0,0,0,"246",0,0,"16",0,0,0,0,0,0,0,0,0,0,0,0,0,0,0,"17",0,0,"1",0,0,0,"29",0,0,"9","2",0,0,"12",0,0,"5",0,0,0,0,"4","1",0,0,"1","1",0,0,0,"2019","2","LC-03",2019-02-01
0,0,"4",0,"92",0,0,0,0,0,0,"226",0,0,0,0,0,0,0,0,0,0,0,0,0,0,0,0,"3","2","7",0,0,"8",0,0,0,"39",0,0,"79",0,0,0,"2",0,"4","17",0,"2",0,0,"4",0,0,0,"1",0,0,0,0,"2019","2","LC-04",2019-02-01
"2",0,"4",0,"72",0,0,0,0,0,"1","331",0,0,0,0,"2",0,0,0,0,0,0,"6","1",0,0,0,0,0,0,0,0,"4",0,"2",0,"23",0,0,"74",0,0,"2","1",0,"1","31",0,"7",0,0,"2","2",0,0,"1","2",0,0,0,"2019","2","LC-05",2019-02-01
0,0,"10",0,0,0,0,0,0,0,"3","576",0,0,"9",0,"4",0,0,0,0,0,0,0,"4","6",0,0,0,"4","2",0,0,"6",0,0,0,"21",0,0,"7","3",0,"3",0,"1",0,"11",0,0,0,"1",0,0,0,0,0,"5",0,0,0,"2019","3","LC-01",2019-03-01
0,0,"4",0,0,0,0,0,0,0,"8","704",0,0,"4",0,"8","8",0,0,"3",0,0,"3","6",0,0,0,0,0,0,0,0,"9",0,"2",0,"28","2",0,"1",0,0,"4",0,0,0,"23",0,"7",0,"4",0,0,0,0,0,"3",0,0,0,"2019","3","LC-02",2019-03-01
"3",0,"6",0,0,0,0,0,0,0,"4","768",0,0,"4",0,"1",0,0,0,0,0,0,"3",0,0,0,0,0,0,"8",0,0,0,0,"3",0,"14",0,0,"8",0,0,"2",0,0,"2","7",0,"3",0,"3",0,0,0,0,0,"1",0,0,"3","2019","3","LC-03",2019-03-01
0,0,"4",0,0,0,0,0,0,0,0,0,0,0,"3",0,0,0,0,0,0,0,0,"4","3",0,0,0,0,"4","4",0,0,"3",0,"3",0,"19",0,0,"3",0,0,"1","10",0,0,"8",0,"2",0,"1",0,0,0,0,0,0,0,0,"1","2019","3","LC-04",2019-03-01
"4",0,"3",0,0,0,0,0,0,0,"2","864",0,0,"16",0,"2",0,0,0,0,0,0,"4","8",0,0,0,0,0,"5",0,0,"4",0,0,0,"66",0,0,"3",0,0,"1","28",0,"3","31",0,"7",0,"6",0,0,0,0,0,"2",0,0,0,"2019","3","LC-05",2019-03-01
0,0,"8",0,0,0,0,0,0,0,0,"640",0,0,"4",0,0,0,0,0,0,0,0,0,"3",0,0,0,0,"9",0,0,0,"33",0,"32",0,0,0,0,"180",0,"2",0,0,0,"4","17",0,"3",0,0,"7",0,0,0,"24",0,0,0,0,"2019","4","LC-01",2019-04-01
0,0,"6",0,"13",0,0,"4",0,0,0,"619",0,0,"14",0,0,0,0,0,0,0,0,"11","1",0,0,0,0,"8",0,0,0,"42",0,"36",0,"19",0,0,"64",0,0,0,0,0,"8","22",0,"6",0,"3","8",0,0,0,"27",0,0,0,0,"2019","4","LC-02",2019-04-01
0,0,"24","9",0,0,0,"1",0,0,0,0,0,0,"28",0,0,0,0,0,0,0,0,"12","2",0,0,0,0,"17",0,0,0,"42",0,"1",0,0,0,0,"63",0,0,0,0,0,"4","23",0,"13",0,0,0,0,0,0,"17","9",0,0,0,"2019","4","LC-03",2019-04-01
0,0,"16",0,0,0,0,0,0,0,0,"597","14",0,0,0,"4",0,0,0,0,0,0,0,0,0,0,0,0,"19",0,0,0,"18",0,"12",0,"22",0,0,"33",0,0,0,0,0,"21","17",0,"5",0,"3","14",0,0,0,"13",0,0,0,0,"2019","4","LC-04",2019-04-01
0,0,"12",0,0,0,0,0,0,0,0,"321",0,0,"12",0,"2",0,0,0,0,0,0,"5",0,0,0,0,0,"3",0,0,0,"3",0,0,0,0,0,0,"22",0,0,0,0,0,"4","14",0,"3","4","3","5",0,0,0,0,"5",0,0,0,"2019","4","LC-05",2019-04-01
0,0,"16",0,0,0,0,0,0,0,0,"442",0,0,"12",0,"4",0,0,0,0,0,0,0,0,0,0,0,0,"7",0,0,0,"6",0,0,0,0,0,0,"29","3",0,0,0,0,"4","17",0,"9",0,"5","10",0,0,0,"3",0,0,0,0,"2019","5","LC-01",2019-05-01
0,0,"12",0,0,0,0,0,0,0,0,"542",0,0,"14",0,0,0,0,0,0,0,0,0,0,0,0,0,"2","22",0,0,0,"6",0,0,0,0,0,0,"67","4",0,0,0,0,0,0,0,"4",0,"3",0,0,0,0,"5",0,0,0,0,"2019","5","LC-02",2019-05-01
0,0,"8",0,0,0,0,0,0,0,0,"667",0,0,"9",0,"4",0,0,0,0,0,0,0,"1",0,0,0,"1","27",0,0,0,"17",0,0,0,0,0,0,"92","1",0,"1",0,0,"5",0,"7",0,0,0,"5",0,0,0,"4",0,0,0,0,"2019","5","LC-03",2019-05-01
0,0,"8",0,0,0,0,0,0,0,0,"512",0,0,"6",0,0,0,0,0,0,0,0,"3",0,0,0,0,"2","4",0,0,0,"8",0,"4",0,0,0,0,0,0,0,0,0,0,"1","12",0,"2",0,"2","2",0,0,0,"4","2",0,0,0,"2019","5","LC-04",2019-05-01
0,0,"16","3",0,0,0,0,0,0,0,"603",0,0,"22",0,"2",0,0,0,0,0,0,"2",0,0,0,0,0,"5",0,0,0,"5",0,"6",0,0,0,0,"64",0,0,0,0,0,0,"19",0,"3",0,0,"4",0,0,0,"4",0,0,0,0,"2019","5","LC-05",2019-05-01
0,0,"9","9",0,0,0,0,0,0,0,"629",0,0,"12",0,"4",0,0,0,0,0,0,"5",0,0,0,0,0,"5",0,0,0,"12",0,0,0,0,0,0,"77","4","1",0,0,0,0,"17",0,"4",0,"1","3",0,0,0,0,"3",0,0,0,"2019","6","LC-01",2019-06-01
0,0,"34","9",0,0,0,0,0,0,0,"710",0,0,"19",0,"3",0,0,0,0,0,0,0,"1",0,0,0,"12","6",0,0,0,"44",0,"9",0,0,0,0,"96","1",0,"2",0,0,"3","29",0,"7",0,0,"16",0,0,0,"7","4",0,0,0,"2019","6","LC-02",2019-06-01
0,0,"12","6",0,0,0,0,0,0,0,"702",0,0,"17",0,"5",0,0,"1",0,0,0,"3",0,0,0,0,0,0,0,0,0,"32",0,"9",0,"31",0,0,"71","1",0,0,0,0,0,"28",0,"9",0,0,"8",0,0,0,0,0,0,0,0,"2019","6","LC-03",2019-06-01
0,0,"6",0,0,0,0,0,0,0,0,"494",0,0,"12",0,0,0,0,"2",0,0,0,"10",0,0,0,0,0,"15",0,0,0,"4",0,"2",0,0,0,0,"17",0,0,0,0,0,0,0,0,"2",0,"3","5","3",0,0,0,"4",0,0,0,"2019","6","LC-04",2019-06-01
0,0,"18","2",0,0,0,0,0,0,0,"738",0,0,"13",0,0,0,0,0,0,0,0,"5","2",0,0,0,0,"22","1",0,0,"47",0,"7","10","14",0,0,"19",0,0,0,0,0,"1",0,0,"5",0,"5",0,0,0,0,0,0,0,0,0,"2019","6","LC-05",2019-06-01
0,0,"3",0,0,0,0,0,0,0,0,"210",0,0,"5",0,0,0,0,0,0,0,0,"2",0,0,0,0,0,"1",0,0,0,"2",0,"3","3",0,0,0,0,0,0,0,0,"2",0,"6",0,"4",0,"1","4",0,0,0,"4",0,0,0,0,"2019","7","LC-01",2019-07-01
0,0,0,0,0,0,0,0,0,0,0,"306",0,0,"6",0,0,0,0,"1",0,0,0,0,"3",0,0,0,0,0,0,0,0,"1",0,"9",0,0,0,0,0,0,0,"9",0,0,0,"5",0,0,0,0,"3",0,0,0,"2",0,0,0,0,"2019","7","LC-02",2019-07-01
"3",0,"4",0,0,0,0,0,0,0,0,"343",0,0,"12",0,0,0,0,0,0,0,0,0,0,0,0,0,0,"2","10",0,0,"7",0,"1",0,0,"1",0,"32","2",0,"3",0,"3",0,"9",0,"3",0,"1",0,0,0,0,0,0,0,0,0,"2019","7","LC-03",2019-07-01
0,0,"22",0,0,0,0,0,0,0,0,"392",0,0,"16",0,0,0,0,0,"2",0,0,0,0,0,0,0,0,"12","15",0,0,"9",0,"4",0,0,0,0,"29","2",0,"1",0,0,0,"6",0,"9",0,"4","5",0,0,0,0,0,0,0,0,"2019","7","LC-04",2019-07-01
0,0,"1",0,0,0,0,0,0,0,0,"691",0,0,0,0,"2",0,0,"1",0,0,0,"2",0,0,0,0,0,"4","19",0,0,"10",0,"11","5",0,"1",0,"32",0,0,"2",0,0,0,"22",0,"4",0,"2","3",0,0,0,"3","2",0,0,0,"2019","7","LC-05",2019-07-01
"2",0,"9",0,0,0,0,0,0,0,0,"802",0,0,0,0,"2",0,0,0,0,0,0,"2","2",0,0,0,0,0,"7",0,0,"5",0,"9",0,0,0,0,"46",0,0,"2","54","4","12","33",0,"10","3","3",0,0,0,0,"9","2",0,0,0,"2019","8","LC-01",2019-08-01
"2",0,0,0,0,0,0,0,0,0,0,"368",0,0,"9",0,"1",0,0,0,0,0,0,0,"4",0,0,0,0,0,0,0,0,"2",0,"12",0,0,0,0,"33","2",0,0,"29","3","5","38",0,"8","2",0,0,0,0,0,"4","8",0,0,0,"2019","8","LC-02",2019-08-01
0,0,0,"3",0,0,0,0,0,0,0,"701",0,0,"8",0,"3",0,0,0,0,0,0,0,0,0,0,0,0,"4",0,0,0,"4",0,0,0,0,0,0,"38","18","4","1",0,"4",0,0,0,"31","1",0,0,0,0,0,"2",0,0,0,0,"2019","8","LC-03",2019-08-01
"3",0,"13","3",0,0,"1",0,0,0,0,"692",0,0,0,0,"4",0,0,0,0,0,0,"2","1",0,0,0,0,"1",0,0,0,"3",0,"6",0,"1",0,0,"301",0,"1","1",0,0,"2","96",0,"5",0,0,"1",0,0,0,"7","112",0,0,0,"2019","8","LC-04",2019-08-01
"4",0,"1","12",0,0,"2",0,0,0,0,"611",0,0,"6",0,0,0,0,0,0,0,0,"111","2",0,0,0,0,0,0,0,0,"3",0,"5","3",0,0,0,"45",0,"1",0,0,0,0,"31",0,"4",0,"2",0,0,0,0,0,"3",0,0,0,"2019","8","LC-05",2019-08-01
"4",0,"4",0,0,0,0,0,0,0,"3","541","2",0,"3",0,0,0,0,0,"1",0,0,"6",0,0,0,0,"4","7",0,0,0,"7",0,"6",0,"52","1",0,"23",0,0,0,0,0,0,"7",0,"6",0,0,"7",0,0,0,0,"2",0,0,0,"2019","9","LC-01",2019-09-01
"4",0,"4",0,0,0,0,0,0,0,"1","396",0,0,"15",0,"1",0,0,0,0,0,0,"2","2",0,"2",0,"6","4",0,0,0,"4",0,"2",0,"5",0,0,0,"3",0,"3","4",0,0,"5",0,"3","4",0,"2",0,0,0,0,0,0,0,"3","2019","9","LC-02",2019-09-01
0,0,0,0,0,0,0,0,0,0,"1","132","1",0,"21","4","1",0,0,0,0,0,0,0,"4",0,0,0,"3",0,0,0,0,0,0,0,0,0,0,0,"12",0,0,"1","3",0,0,"3",0,"4",0,0,"5",0,0,0,0,0,0,0,0,"2019","9","LC-03",2019-09-01
"1",0,0,0,0,0,0,0,0,0,"1","129",0,0,"1",0,"2",0,0,0,0,0,0,"5",0,0,0,0,0,"2",0,0,0,"4",0,0,0,"16",0,0,"16","1",0,0,0,0,0,"12",0,"4",0,"1","14",0,0,0,"3",0,0,0,0,"2019","9","LC-04",2019-09-01
"1",0,"14",0,0,0,0,0,0,0,0,"392",0,0,"21",0,0,0,0,0,0,0,0,"5","2",0,0,0,0,"2",0,0,0,0,0,0,0,0,0,0,"20","4",0,0,"28",0,0,"9",0,"2",0,0,"2",0,0,0,"1",0,0,0,0,"2019","9","LC-05",2019-09-01
0,0,"6",0,0,0,0,0,0,0,"1","366",0,0,"40",0,"2",0,0,0,0,0,0,"4",0,0,0,0,0,"10",0,0,0,"12",0,"6","5",0,"1",0,"14",0,0,0,0,0,0,"23",0,"6","2","2",0,0,0,0,"5",0,0,0,0,"2019","10","LC-01",2019-10-01
0,0,"9","3",0,0,0,0,0,0,0,"298",0,0,"22",0,0,0,0,"1",0,0,0,"4",0,0,0,0,0,"4",0,0,0,"3",0,"1","1",0,"1",0,"12",0,0,0,0,0,"1","14",0,"1",0,"2","1",0,0,"1","2",0,0,0,0,"2019","10","LC-02",2019-10-01
0,0,"8","4",0,0,0,0,0,0,0,"207",0,0,"4",0,0,0,0,0,0,0,0,"4",0,0,0,0,0,"5",0,0,0,"3",0,"1","4",0,"1",0,"17",0,0,0,0,0,0,"3",0,"3",0,"2",0,0,0,0,"3","2",0,0,0,"2019","10","LC-03",2019-10-01
0,0,"4","3",0,0,0,0,0,0,0,"301","1",0,"12",0,0,0,0,0,0,0,0,"7",0,0,0,0,0,"5",0,0,0,"7",0,"4","3",0,0,0,"16",0,"1",0,0,0,0,"4",0,"3",0,"2",0,0,0,0,"4","4",0,0,"1","2019","10","LC-04",2019-10-01
0,0,"3","2",0,0,0,0,0,0,0,0,0,0,"17",0,0,0,0,0,0,0,0,"6",0,0,0,0,0,"4",0,0,0,"12",0,"3","3",0,"1",0,"23",0,0,0,0,"2",0,"19",0,"2",0,"2",0,0,0,0,0,"4",0,0,0,"2019","10","LC-05",2019-10-01
0,0,"18",0,0,0,0,0,0,0,0,"288",0,0,"17",0,"1",0,0,0,0,0,0,"6",0,0,0,0,0,"2","4",0,0,"6",0,"7","5",0,0,0,"13",0,0,0,0,0,"2","9",0,"4",0,0,0,0,0,0,"4",0,0,0,0,"2019","11","LC-01",2019-11-01
0,0,"16",0,0,0,0,0,0,0,0,"480","1",0,"18","4",0,0,0,"1",0,0,0,"6",0,0,0,0,0,"3",0,0,"13","9",0,"21","2",0,0,0,"12",0,0,"2",0,"4",0,"14",0,"4",0,"3","2",0,0,0,"4","4",0,0,0,"2019","11","LC-02",2019-11-01
0,0,"13",0,0,0,0,0,0,0,0,0,0,0,0,0,"4","1",0,0,0,0,0,"4",0,0,0,0,0,"3",0,0,0,"5",0,"11",0,0,"1",0,"18",0,0,0,0,0,0,"17",0,"3","2",0,"2",0,0,0,0,0,0,0,"1","2019","11","LC-03",2019-11-01
0,0,"21",0,0,0,0,0,0,0,0,"421",0,0,"19",0,0,0,0,0,0,0,0,0,"2",0,0,0,0,"4","18",0,0,"5",0,"4","5",0,0,0,"9","1","1",0,0,0,0,"41",0,"4",0,0,"4",0,0,0,0,0,0,0,0,"2019","11","LC-04",2019-11-01
0,0,"8",0,0,0,0,0,0,0,0,"292",0,0,"18",0,0,0,0,0,0,0,0,"4",0,0,0,0,0,"2",0,0,0,"6",0,"7","2",0,"2",0,0,0,0,"2",0,0,0,"16",0,"2","2",0,"2","3",0,0,0,"1",0,0,0,"2019","11","LC-05",2019-11-01
"1",0,0,0,0,0,0,0,0,0,0,"521",0,0,"22",0,0,0,0,0,0,0,0,"5",0,0,0,0,0,"3",0,0,0,"4",0,0,0,0,0,0,"16",0,0,0,"17",0,0,"24",0,"2","4",0,"4",0,0,0,"4",0,0,0,"1","2019","12","LC-01",2019-12-01
"2",0,0,0,0,0,0,0,0,0,0,"436",0,0,"12",0,0,"2",0,"1",0,0,0,"6","1",0,0,0,0,"7",0,0,0,0,0,0,0,"12",0,0,"17",0,0,"3","21",0,0,"21",0,0,0,"2","2",0,0,0,"2","3",0,0,0,"2019","12","LC-02",2019-12-01
"1",0,"5",0,0,0,0,0,0,0,"1","432",0,0,"19",0,0,0,0,0,0,0,0,0,"1",0,0,0,0,0,0,0,0,"4",0,"1",0,"22",0,0,"26",0,0,0,"23",0,0,"32",0,"4","3",0,"2",0,0,0,"1",0,0,0,"1","2019","12","LC-03",2019-12-01
"1",0,"31",0,0,0,0,0,0,0,0,"654",0,0,"11",0,0,0,0,0,0,0,0,"5",0,0,0,0,0,"6",0,0,0,"7",0,0,0,"26",0,0,"18",0,0,0,"43",0,0,"12",0,"1",0,0,"1",0,0,0,"1",0,0,0,0,"2019","12","LC-04",2019-12-01
"2",0,0,0,0,0,0,0,0,0,"1","543",0,0,"10",0,0,"1",0,0,0,0,0,"8","1",0,0,0,0,"6",0,0,0,"3",0,"2",0,"11",0,0,"12",0,0,0,"21",0,"2","21",0,"3",0,"2",0,0,0,0,"3",0,0,0,0,"2019","12","LC-05",2019-12-01
